Timestamp,Open,High,Low,Close,Volume,QuoteAssetVolume,AverageTradedPrice
2022-01-01,46216.93,47954.63,46208.37,47722.65,19604.46325,924155159.5834866,47140.03886760258
2022-01-02,47722.66,47990.0,46654.0,47286.18,18340.4604,866610995.5633582,47251.32175871432
2022-01-03,47286.18,47570.0,45696.0,46446.1,27662.0771,1292203508.325655,46713.90017655815
2022-01-04,46446.1,47557.54,45500.0,45832.01,35491.4136,1649170424.1276133,46466.74383596864
2022-01-05,45832.01,47070.0,42500.0,43451.13,51784.11857,2334288544.645448,45077.30572820385
2022-01-06,43451.14,43816.0,42430.58,43082.31,38880.37305,1674466154.4383326,43067.13189929983
2022-01-07,43082.3,43145.83,40610.0,41566.48,54836.50818,2293851015.4652367,41830.72722164777
2022-01-08,41566.48,42300.0,40501.0,41679.74,32952.73111,1367233494.827767,41490.74898416718
2022-01-09,41679.74,42786.7,41200.02,41864.62,22724.39426,952830064.5125848,41929.83335928906
2022-01-10,41864.62,42248.5,39650.0,41822.49,50729.17019,2088111339.5055964,41161.94551743754
2022-01-11,41822.49,43100.0,41268.93,42729.29,37296.43729,1574803608.9600787,42223.96892001045
2022-01-12,42729.29,44322.0,42450.0,43902.66,33943.2928,1470906437.7120714,43334.22942726615
2022-01-13,43902.65,44500.0,42311.22,42560.11,34910.87762,1515944525.4954948,43423.27173771849
2022-01-14,42558.35,43448.78,41725.95,43059.96,32640.88292,1392000443.3501675,42645.91882400488
2022-01-15,43059.96,43800.0,42555.0,43084.29,21936.05616,946488263.548448,43147.60395600884
2022-01-16,43084.29,43475.0,42581.79,43071.66,20602.35271,887203134.0531468,43063.19508948679
2022-01-17,43071.66,43176.18,41540.42,42201.62,27562.08613,1169381684.4668436,42427.18344871682
2022-01-18,42201.63,42691.0,41250.0,42352.12,29324.08257,1228459687.3994458,41892.51904017694
2022-01-19,42352.12,42559.13,41138.56,41660.01,31685.72159,1327478459.1602297,41895.16263310163
2022-01-20,41660.0,43505.0,40553.31,40680.91,42330.33953,1784801200.404487,42163.64007993788
2022-01-21,40680.92,41100.0,35440.45,36445.31,88860.891999,3405501703.2219367,38323.96486927298
2022-01-22,36445.31,36835.22,34008.0,35071.42,90471.338961,3207531048.030652,35453.560043068894
2022-01-23,35071.42,36499.0,34601.01,36244.55,44279.52354,1572414639.0428774,35511.10114413118
2022-01-24,36244.55,37550.0,32917.17,36660.35,91904.753211,3192041586.10319,34732.06199438591
2022-01-25,36660.35,37545.14,35701.0,36958.32,49232.40183,1799224214.4997392,36545.529927881216
2022-01-26,36958.32,38919.98,36234.63,36809.34,69830.16036,2627491976.6908574,37626.89306662302
2022-01-27,36807.24,37234.47,35507.01,37160.1,53020.87934,1925920128.3436604,36323.805872655685
2022-01-28,37160.11,38000.0,36155.01,37716.56,42154.26956,1560203931.220128,37011.76529697477
2022-01-29,37716.57,38720.74,37268.44,38166.84,26129.49682,989652386.9966494,37874.91178319022
2022-01-30,38166.83,38359.26,37351.63,37881.76,21430.66527,812750216.6010319,37924.63772642518
2022-01-31,37881.75,38744.0,36632.61,38466.9,36855.2458,1386754529.0295446,37627.0595658202
2022-02-01,38466.9,39265.2,38000.0,38694.59,34574.44663,1334266166.7099988,38591.10692323462
2022-02-02,38694.59,38855.92,36586.95,36896.36,35794.6813,1353093948.9776013,37801.536424843136
2022-02-03,36896.37,37387.0,36250.0,37311.61,32081.10999,1179502838.6566265,36766.27270765535
2022-02-04,37311.98,41772.33,37026.73,41574.25,64703.95874,2526572562.058285,39048.19135117861
2022-02-05,41571.7,41913.69,40843.01,41382.59,32532.34372,1349805515.9300363,41491.18574264333
2022-02-06,41382.6,42656.0,41116.56,42380.87,22405.16704,934168802.8801152,41694.34671976965
2022-02-07,42380.87,44500.5,41645.85,43839.99,51060.62006,2204523609.903396,43174.63452878007
2022-02-08,43839.99,45492.0,42666.0,44042.99,64880.29387,2847485971.4977336,43888.30262087303
2022-02-09,44043.0,44799.0,43117.92,44372.72,34428.16729,1512500139.1430995,43932.05500608858
2022-02-10,44372.71,45821.0,43174.01,43495.44,62357.29091,2772188373.222783,44456.52357194077
2022-02-11,43495.44,43920.0,41938.51,42373.73,44975.1687,1937866768.5059533,43087.48192657592
2022-02-12,42373.73,43079.49,41688.88,42217.87,26556.85681,1123136004.7237246,42291.75209849409
2022-02-13,42217.87,42760.0,41870.0,42053.66,17732.08113,750533311.6529565,42326.29583355378
2022-02-14,42053.65,42842.4,41550.56,42535.94,34010.1306,1436927831.4445865,42249.99451912091
2022-02-15,42535.94,44751.4,42427.03,44544.86,38095.19576,1672855933.625659,43912.51705765375
2022-02-16,44544.85,44549.97,43307.0,43873.56,28471.8727,1250973502.3018453,43937.169693156335
2022-02-17,43873.56,44164.71,40073.21,40515.7,47245.99494,1993400162.9480667,42191.939559735874
2022-02-18,40515.71,40959.88,39450.0,39974.44,43845.92241,1765622365.9527562,40268.79282963992
2022-02-19,39974.45,40444.32,39639.03,40079.17,18042.0551,721960636.0646693,40015.43239188252
2022-02-20,40079.17,40125.44,38000.0,38386.89,33439.29011,1293216601.4518795,38673.56625089191
2022-02-21,38386.89,39494.35,36800.0,37008.16,62347.68496,2382027320.8617606,38205.545601091406
2022-02-22,37008.16,38429.0,36350.0,38230.33,53785.94589,2010628230.7549176,37382.03721222904
2022-02-23,38230.33,39249.93,37036.79,37250.01,43560.732,1665486687.239937,38233.67080332665
2022-02-24,37250.02,39843.0,34322.28,38327.21,120476.29458,4335107392.009488,35983.07374178778
2022-02-25,38328.68,39683.53,38014.37,39219.17,56574.57125,2197889580.282669,38849.42531106976
2022-02-26,39219.16,40348.45,38573.18,39116.72,29361.2568,1152621719.69438,39256.55252245129
2022-02-27,39116.73,39855.7,37000.0,37699.07,46229.44719,1780512702.886402,38514.6873067422
2022-02-28,37699.08,44225.84,37450.17,43160.0,73945.63858,2975160226.1689854,40234.4246841581
2022-03-01,43160.0,44949.0,42809.98,44421.2,61743.09873,2701611023.69432,43755.67600693888
2022-03-02,44421.2,45400.0,43334.09,43892.98,57782.65081,2550792948.2886243,44144.616291075006
2022-03-03,43892.99,44101.12,41832.28,42454.0,50940.61021,2192152097.925188,43033.48720967722
2022-03-04,42454.0,42527.3,38550.0,39148.66,61964.68498,2527001270.719469,40781.31392962129
2022-03-05,39148.65,39613.24,38407.59,39397.96,30363.13341,1187689935.0879934,39116.18471816982
2022-03-06,39397.97,39693.87,38088.57,38420.81,39677.26158,1542258009.6292188,38870.071880329066
2022-03-07,38420.8,39547.57,37155.0,37988.0,63994.11559,2449362161.7015386,38274.80291147717
2022-03-08,37988.01,39362.08,37867.65,38730.63,55583.06638,2149652714.8043456,38674.59740540399
2022-03-09,38730.63,42594.06,38656.45,41941.71,67392.58799,2797240840.960747,41506.65413495937
2022-03-10,41941.7,42039.63,38539.73,39422.0,71962.93154,2854310740.807673,39663.62514319096
2022-03-11,39422.01,40236.26,38223.6,38729.57,59018.7642,2305825015.6010857,39069.35441391512
2022-03-12,38729.57,39486.71,38660.52,38807.36,24034.36432,939663387.3149892,39096.66071480227
2022-03-13,38807.35,39310.0,37578.51,37777.34,32791.82359,1268441605.1866877,38681.64274869739
2022-03-14,37777.35,39947.12,37555.0,39671.37,46945.45375,1821922588.4472065,38809.35091499049
2022-03-15,39671.37,39887.61,38098.33,39280.33,46015.54926,1796571984.458497,39042.71519845153
2022-03-16,39280.33,41718.0,38828.48,41114.0,88120.76167,3552563766.3655386,40314.71924481765
2022-03-17,41114.01,41478.82,40500.0,40917.9,37189.38087,1521083189.7108624,40901.00867847178
2022-03-18,40917.89,42325.02,40135.04,41757.51,45408.00969,1862337033.4847207,41013.40371883455
2022-03-19,41757.51,42400.0,41499.29,42201.13,29067.18108,1216709156.4428053,41858.51916957905
2022-03-20,42201.13,42296.26,40911.0,41262.11,30653.33468,1273880705.2502496,41557.65493538303
2022-03-21,41262.11,41544.22,40467.94,41002.25,39426.24877,1618789548.0684214,41058.675338653615
2022-03-22,41002.26,43361.0,40875.51,42364.13,59454.94294,2525975507.8012,42485.542545223405
2022-03-23,42364.13,43025.96,41751.47,42882.76,40828.87039,1725787170.5823965,42268.79544051958
2022-03-24,42882.76,44220.89,42560.46,43991.46,56195.12374,2436258223.6223383,43353.55207854442
2022-03-25,43991.46,45094.14,43579.0,44313.16,54614.43648,2421153187.6604123,44331.74346762778
2022-03-26,44313.16,44792.99,44071.97,44511.27,23041.61741,1022802857.60941,44389.36900174015
2022-03-27,44511.27,46999.0,44421.46,46827.76,41874.91071,1907019662.3441496,45540.86516269852
2022-03-28,46827.76,48189.84,46663.56,47122.21,58949.2614,2789898402.616576,47327.11379852125
2022-03-29,47122.21,48096.47,46950.85,47434.8,36772.28457,1748600385.4502351,47552.12807410935
2022-03-30,47434.79,47700.22,46445.42,47067.99,40947.2085,1932152559.883112,47186.429323579214
2022-03-31,47067.99,47600.0,45200.0,45510.34,48645.12667,2262485160.568584,46510.00656071648
2022-04-01,45510.35,46720.09,44200.0,46283.49,56271.06474,2556532890.870311,45432.45987405339
2022-04-02,46283.49,47213.0,45620.0,45811.0,37073.53582,1721690754.4393935,46439.88538882757
2022-04-03,45810.99,47444.11,45530.92,46407.35,33394.67794,1550999693.0508049,46444.51717239124
2022-04-04,46407.36,46890.71,45118.0,46580.51,44641.87514,2053434523.8685389,45997.94514519892
2022-04-05,46580.5,47200.0,45353.81,45497.55,42192.74852,1951668192.9295096,46256.009892420014
2022-04-06,45497.54,45507.14,43121.0,43170.47,60849.32936,2700644700.890392,44382.48916290754
2022-04-07,43170.47,43900.99,42727.35,43444.19,37396.54156,1623879486.6600313,43423.25303142367
2022-04-08,43444.2,43970.62,42107.14,42252.01,42375.04203,1830699971.611312,43202.31636148567
2022-04-09,42252.02,42800.0,42125.48,42753.97,17891.66047,759274586.6137776,42437.34604101716
2022-04-10,42753.96,43410.3,41868.0,42158.85,22771.09403,971459737.5009404,42661.97031293628
2022-04-11,42158.85,42414.71,39200.0,39530.45,63560.44721,2602039073.0150447,40938.02336566418
2022-04-12,39530.45,40699.0,39254.63,40074.94,57751.01778,2309514071.593873,39990.88086017578
2022-04-13,40074.95,41561.31,39588.54,41147.79,41342.27254,1677171454.091079,40567.95505056866
2022-04-14,41147.78,41500.0,39551.94,39942.38,36807.01401,1494726286.01801,40609.821965234994
2022-04-15,39942.37,40870.36,39766.4,40551.9,24026.35739,966888436.8162508,40242.82254365696
2022-04-16,40551.9,40709.35,39991.55,40378.71,15805.44718,638275503.9141085,40383.26133042119
2022-04-17,40378.7,40595.67,39546.17,39678.12,19988.49259,803414248.9836985,40193.838798311226
2022-04-18,39678.11,41116.73,38536.51,40801.13,54243.49575,2153574975.9131336,39701.99461035167
2022-04-19,40801.13,41760.0,40571.0,41493.18,35788.85843,1472363265.362188,41140.26906563692
2022-04-20,41493.19,42199.0,40820.0,41358.19,40877.35041,1697039284.0853007,41515.39341625593
2022-04-21,41358.19,42976.0,39751.0,40480.01,59316.27657,2476061417.8872576,41743.37232656911
2022-04-22,40480.01,40795.06,39177.0,39709.18,46664.0196,1870172362.40225,40077.39535584822
2022-04-23,39709.19,39980.0,39285.0,39441.6,20291.42375,804677022.9078971,39656.01590218119
2022-04-24,39441.61,39940.0,38929.62,39450.13,26703.61186,1056336243.0198607,39557.8039614249
2022-04-25,39450.12,40616.0,38200.0,40426.08,63037.12784,2470071005.2401423,39184.3837097027
2022-04-26,40426.08,40797.31,37702.26,38112.65,66650.258,2615206861.8349133,39237.76051751988
2022-04-27,38112.64,39474.72,37881.31,39235.72,57083.12272,2218523642.426387,38864.79114516086
2022-04-28,39235.72,40372.63,38881.43,39742.07,56086.6715,2223808385.8063755,39649.49829134317
2022-04-29,39742.06,39925.25,38175.0,38596.11,51453.65715,2006135662.8559992,38989.17538568003
2022-04-30,38596.11,38795.38,37578.2,37630.8,35321.18989,1354900532.1335113,38359.42493310809
2022-05-01,37630.8,38675.0,37386.38,38468.35,38812.24104,1478259271.913873,38087.44953403682
2022-05-02,38468.35,39167.34,38052.0,38525.16,53200.92628,2058450718.2963235,38692.008997410325
2022-05-03,38525.16,38651.51,37517.8,37728.95,40316.45358,1539320434.2647235,38180.94841130427
2022-05-04,37728.95,40023.77,37670.0,39690.0,62574.61736,2438553987.453544,38970.33797944336
2022-05-05,39690.0,39845.51,35571.9,36552.97,88722.43355,3329684235.963952,37529.225729448575
2022-05-06,36552.97,36675.63,35258.0,36013.77,68437.80187,2466507512.182029,36040.13344653071
2022-05-07,36013.77,36146.3,34785.0,35472.39,34281.70682,1222539413.6400983,35661.56784605797
2022-05-08,35472.4,35514.22,33713.95,34038.4,72445.64344,2498365159.9945807,34486.06488068181
2022-05-09,34038.39,34243.15,30033.33,30076.31,191876.926428,6166367111.275724,32137.09551257376
2022-05-10,30074.23,32658.99,29730.4,31017.1,165532.00311,5179856929.47993,31292.178141756616
2022-05-11,31017.11,32162.59,27785.0,29103.94,207063.739278,6300295994.553139,30426.843524227468
2022-05-12,29103.94,30243.0,26700.0,29029.75,204507.263138,5795451310.945579,28338.60872234572
2022-05-13,29029.74,31083.37,28751.67,29287.05,97872.36957,2956855804.856112,30211.343792400145
2022-05-14,29287.05,30343.27,28630.0,30086.74,51095.87863,1501483453.5008905,29385.60787600044
2022-05-15,30086.74,31460.0,29480.0,31328.89,46275.66912,1401499926.2304175,30285.89219522921
2022-05-16,31328.89,31328.9,29087.04,29874.01,73082.19658,2185567735.682062,29905.61091427532
2022-05-17,29874.01,30788.37,29450.38,30444.93,56724.13307,1715109131.0802064,30235.96903567814
2022-05-18,30444.93,30709.99,28654.47,28715.32,59749.15799,1762843836.126938,29504.078307211937
2022-05-19,28715.33,30545.18,28691.38,30319.23,67877.36415,2014360135.785272,29676.463737363207
2022-05-20,30319.22,30777.33,28730.0,29201.01,60517.25325,1800589029.270878,29753.31715457324
2022-05-21,29201.01,29656.18,28947.28,29445.06,20987.13124,616194663.9792111,29360.5951634203
2022-05-22,29445.07,30487.99,29255.11,30293.94,36158.98748,1082530816.01625,29938.084317626744
2022-05-23,30293.93,30670.51,28866.35,29109.15,63901.49932,1914305818.074519,29957.13462822266
2022-05-24,29109.14,29845.86,28669.0,29654.58,59442.96036,1740257602.3067698,29276.09243832031
2022-05-25,29654.58,30223.74,29294.21,29542.15,59537.38659,1771708175.0718913,29757.90971936061
2022-05-26,29542.14,29886.64,28019.56,29201.35,94581.65463,2759055410.397752,29171.14763101868
2022-05-27,29201.35,29397.66,28282.9,28629.8,90998.5201,2626515958.50349,28863.28212389786
2022-05-28,28629.81,29266.0,28450.0,29031.33,34479.35127,994674257.5679232,28848.404071725538
2022-05-29,29031.33,29587.78,28839.21,29468.1,27567.34764,804777532.6497605,29193.14339410857
2022-05-30,29468.1,32222.0,29299.62,31734.22,96785.9476,2980527582.4674954,30795.04469786785
2022-05-31,31734.23,32399.0,31200.01,31801.04,62433.11632,1981259117.0115464,31734.10577259403
2022-06-01,31801.05,31982.97,29301.0,29805.83,103395.63382,3171191028.249736,30670.45397458869
2022-06-02,29805.84,30689.0,29594.55,30452.62,56961.42928,1711652906.191896,30049.332115212263
2022-06-03,30452.63,30699.0,29282.36,29700.21,54067.44727,1615616950.714381,29881.50971223726
2022-06-04,29700.21,29988.88,29485.0,29864.04,25617.90113,760874329.4663156,29700.8847682408
2022-06-05,29864.03,30189.0,29531.42,29919.21,23139.9281,691201528.1600258,29870.513217369324
2022-06-06,29919.2,31765.64,29890.23,31373.1,68836.92456,2149499896.934937,31225.97226233399
2022-06-07,31373.1,31589.6,29218.96,31125.33,110674.51658,3347397952.7305903,30245.426464645603
2022-06-08,31125.32,31327.22,29843.88,30204.77,68542.61276,2087270428.3470392,30452.157341237587
2022-06-09,30204.77,30700.0,29944.1,30109.93,46291.1865,1399839073.774508,30239.861615439644
2022-06-10,30109.93,30382.8,28850.0,29091.88,76204.2498,2255866294.494887,29602.893544854327
2022-06-11,29091.87,29440.41,28099.99,28424.7,65901.39895,1892007188.0756,28709.66653547193
2022-06-12,28424.71,28544.96,26560.0,26574.53,92474.598809,2551767136.329585,27594.249331106443
2022-06-13,26574.53,26895.84,21925.77,22487.41,254611.034966,6192246037.404874,24320.41501355889
2022-06-14,22485.27,23362.88,20846.0,22136.41,187201.64671,4136108699.025428,22094.40339717099
2022-06-15,22136.42,22800.0,20111.62,22583.72,200774.493467,4249276481.256697,21164.423866197543
2022-06-16,22583.72,22995.73,20232.0,20401.31,99673.59429,2130037160.0626109,21370.12490856179
2022-06-17,20400.6,21365.43,20246.66,20468.81,86694.33663,1796575392.5507207,20723.09982851899
2022-06-18,20468.81,20792.06,17622.0,18970.79,196441.655524,3726639821.696151,18970.720908228413
2022-06-19,18970.79,20815.95,17960.41,20574.0,128320.87595,2487561781.535987,19385.48005630246
2022-06-20,20574.0,21090.0,19637.03,20573.89,109028.94154,2220396381.7426524,20365.201664624477
2022-06-21,20573.9,21723.0,20348.4,20723.52,104371.0749,2198596137.343284,21065.18630233331
2022-06-22,20723.51,20900.0,19770.51,19987.99,92133.97938,1872204589.2375815,20320.457249716823
2022-06-23,19988.0,21233.0,19890.07,21110.13,83127.08716,1710694866.4572449,20579.271148579544
2022-06-24,21110.12,21558.41,20736.72,21237.69,77430.36622,1635129191.170251,21117.415182105942
2022-06-25,21237.68,21614.5,20906.62,21491.19,51431.67794,1093873137.974752,21268.470751641824
2022-06-26,21491.18,21888.0,20964.73,21038.07,53278.10464,1139258367.162915,21383.23753933967
2022-06-27,21038.08,21539.85,20510.0,20742.56,64475.0013,1354369225.8404648,21006.11397491301
2022-06-28,20742.57,21212.1,20202.01,20281.29,63801.0832,1321862977.9315486,20718.50369354777
2022-06-29,20281.28,20432.31,19854.92,20123.01,77309.04379,1556549790.008924,20134.1229137058
2022-06-30,20123.0,20179.08,18626.0,19942.21,93846.64806,1808994369.031444,19276.06799419069
2022-07-01,19942.21,20918.35,18975.0,19279.8,111844.59494,2197016369.9695287,19643.4737963702
2022-07-02,19279.8,19467.39,18977.01,19252.81,46180.3021,888415536.8730664,19237.97585709311
2022-07-03,19252.82,19647.63,18781.0,19315.83,51087.46631,980255891.3952552,19187.796189520115
2022-07-04,19315.83,20354.01,19055.31,20236.71,74814.04601,1470987695.521582,19661.91877023952
2022-07-05,20236.71,20750.0,19304.4,20175.83,96041.13756,1919950110.1674304,19990.91388279294
2022-07-06,20175.84,20675.22,19761.25,20564.51,82439.5808,1665481948.009632,20202.455323616006
2022-07-07,20564.51,21838.1,20251.68,21624.98,85014.58261,1783224085.7236798,20975.508330189987
2022-07-08,21624.99,22527.37,21189.26,21594.75,403081.57349,8781330156.61243,21785.491409545382
2022-07-09,21594.75,21980.0,21322.12,21591.83,178417.84468,3857190523.494272,21618.860660559527
2022-07-10,21592.15,21607.65,20655.0,20862.47,192188.21556,4062794310.272034,21139.66404461284
2022-07-11,20861.11,20868.48,19875.23,19963.61,137535.40724,2813718031.1093426,20458.135745360392
2022-07-12,19963.61,20059.42,19240.0,19328.75,139506.45862,2754215439.3324776,19742.56580359948
2022-07-13,19331.28,20366.61,18910.94,20234.87,209250.24888,4096306063.801935,19576.110832494487
2022-07-14,20234.87,20900.0,19616.07,20588.84,174809.21696,3526210098.285044,20171.76302032126
2022-07-15,20588.84,21200.0,20382.29,20830.04,143343.3049,2984339734.3532705,20819.526495745464
2022-07-16,20830.04,21588.94,20478.61,21195.6,121011.67393,2539616922.7986083,20986.54485407471
2022-07-17,21195.6,21684.54,20750.01,20798.16,118229.4525,2511251392.5765257,21240.489061526576
2022-07-18,20799.58,22777.63,20762.45,22432.58,239942.73132,5263396811.539256,21936.05441841753
2022-07-19,22432.58,23800.0,21579.54,23396.62,263770.76574,5954419902.221928,22574.22230062912
2022-07-20,23398.48,24276.74,22906.19,23223.3,238762.17094,5631801151.220376,23587.49348377983
2022-07-21,23223.3,23442.77,22341.46,23152.19,184817.68191,4232411759.395025,22900.469888244064
2022-07-22,23152.19,23756.49,22500.0,22684.83,171598.43966,3981394766.228058,23201.81217333138
2022-07-23,22684.83,23000.77,21934.57,22451.07,122137.77375,2745262660.6777816,22476.770096505723
2022-07-24,22448.58,23014.64,22257.15,22579.68,115189.67277,2610817967.1639385,22665.382272393257
2022-07-25,22577.13,22666.0,21250.0,21310.9,180344.76643,3954002948.5472574,21924.68917628384
2022-07-26,21310.9,21347.82,20706.5,21254.67,177817.24326,3738774849.3577113,21025.940908840697
2022-07-27,21254.67,23112.63,21042.53,22952.45,210971.19796,4614909656.6957855,21874.595685666864
2022-07-28,22954.31,24199.72,22582.13,23842.93,236029.0741,5511388547.615389,23350.464635048917
2022-07-29,23845.25,24442.66,23414.03,23773.75,198298.50623,4733780641.305037,23871.99344716434
2022-07-30,23777.28,24668.0,23502.25,23643.51,151060.13211,3634601094.96542,24060.62436327509
2022-07-31,23644.64,24194.82,23227.31,23293.32,127743.32483,3028386330.644831,23706.806869752203
2022-08-01,23296.36,23509.68,22850.0,23268.01,144210.16219,3346371889.652122,23204.8271691367
2022-08-02,23266.9,23459.89,22654.37,22987.79,158073.28225,3631020649.2263794,22970.48936760709
2022-08-03,22985.93,23647.68,22681.22,22818.37,145948.80995,3385430753.8050184,23196.0147874095
2022-08-04,22816.91,23223.32,22400.0,22622.98,154854.67016,3537434334.434649,22843.575403826548
2022-08-05,22622.41,23472.86,22586.95,23312.42,175251.69749,4046435951.354509,23089.282496595515
2022-08-06,23313.56,23354.36,22909.52,22954.21,83911.80307,1944693656.706568,23175.44833453629
2022-08-07,22954.21,23402.0,22844.62,23174.39,88890.00877,2051763044.552369,23082.043448338936
2022-08-08,23174.39,24245.0,23154.25,23810.0,170958.44152,4078052110.543128,23854.055256265583
2022-08-09,23810.98,23933.25,22865.0,23149.95,143182.50858,3347110918.907211,23376.5349699617
2022-08-10,23151.32,24226.0,22664.69,23954.05,208916.54953,4918825599.489632,23544.45165093682
2022-08-11,23954.05,24918.54,23852.13,23934.39,249759.79557,6097813762.895935,24414.713140597945
2022-08-12,23933.09,24456.5,23583.0,24403.68,174207.5704,4175834601.8605466,23970.45428205195
2022-08-13,24401.7,24888.0,24291.22,24441.38,152852.25435,3751417148.252107,24542.76624316013
2022-08-14,24443.06,25047.56,24144.0,24305.24,151206.14473,3708565144.898009,24526.550501768157
2022-08-15,24305.25,25211.32,23773.22,24094.82,242539.54758,5894066098.523285,24301.464059502163
2022-08-16,24093.04,24247.49,23671.22,23854.74,179324.94821,4294907691.6509495,23950.41925020584
2022-08-17,23856.15,24446.71,23180.4,23342.66,210668.68766,4993659434.236888,23703.85219419128
2022-08-18,23342.66,23600.0,23111.04,23191.2,144185.97011,3375338942.2617874,23409.621197448887
2022-08-19,23191.45,23208.67,20783.57,20834.39,283995.87747,6181759252.730264,21767.07390192055
2022-08-20,20834.39,21382.85,20761.9,21140.07,183041.68363,3871242921.22468,21149.515478944133
2022-08-21,21140.07,21800.0,21069.11,21515.61,159200.6841,3405034922.807078,21388.318411171185
2022-08-22,21516.7,21548.71,20890.18,21399.83,222222.04526,4721412016.903412,21246.37099518797
2022-08-23,21400.75,21684.87,20890.14,21529.12,200967.77164,4299812533.944709,21395.53272077426
2022-08-24,21529.11,21900.0,21145.0,21368.08,174383.22046,3744196823.564854,21471.084280288866
2022-08-25,21368.05,21819.88,21310.15,21559.04,169915.78301,3672148286.6013737,21611.578521727188
2022-08-26,21559.04,21886.77,20107.9,20241.05,273811.61955,5785149465.09769,21128.210243982285
2022-08-27,20239.14,20402.93,19800.0,20037.6,162582.46032,3269764074.35644,20111.419570849062
2022-08-28,20037.6,20171.18,19520.0,19555.61,139307.95976,2781133881.051846,19963.92658282548
2022-08-29,19555.61,20433.62,19550.79,20285.73,210509.49545,4211334408.9865937,20005.43680931897
2022-08-30,20287.2,20576.25,19540.0,19811.66,256634.35529,5157974826.609323,20098.535992115118
2022-08-31,19813.03,20490.0,19797.94,20050.02,276946.60765,5595829094.391042,20205.44372026736
2022-09-01,20048.44,20208.37,19565.66,20131.46,245289.97263,4893158531.781241,19948.46539920396
2022-09-02,20132.64,20441.26,19755.29,19951.86,245986.6033,4946889819.514836,20110.4033843734
2022-09-03,19950.98,20055.93,19652.72,19831.9,146639.03204,2908816275.0102863,19836.57580484317
2022-09-04,19832.45,20029.23,19583.1,20000.3,145588.77893,2883227667.1961923,19803.914068009777
2022-09-05,20000.3,20057.27,19633.83,19796.84,222543.01057,4404971191.907026,19793.79707601044
2022-09-06,19795.34,20180.0,18649.51,18790.61,356315.05718,6976809188.41019,19580.450075916124
2022-09-07,18790.61,19464.06,18510.77,19292.84,287394.7788,5436827909.201311,18917.629373443968
2022-09-08,19292.85,19458.25,19012.0,19319.77,262813.28273,5057217166.675082,19242.62394252954
2022-09-09,19320.54,21597.22,19291.75,21360.11,428919.74652,8929831332.708796,20819.352350084468
2022-09-10,21361.62,21810.8,21111.13,21648.34,307997.33504,6589753118.841131,21395.487457660347
2022-09-11,21647.21,21860.0,21350.0,21826.87,280702.55149,6064643642.71623,21605.231625164917
2022-09-12,21826.87,22488.0,21538.51,22395.74,395395.61828,8743762682.841719,22113.95948411803
2022-09-13,22395.44,22799.0,19860.0,20173.57,431915.03333,9302239274.39612,21537.19726465007
2022-09-14,20173.62,20541.48,19617.62,20226.71,340826.40151,6886235196.646198,20204.52396333549
2022-09-15,20227.17,20330.24,19497.0,19701.88,333069.76076,6655264974.213759,19981.59472366314
2022-09-16,19701.88,19890.0,19320.01,19803.3,283791.07064,5584012914.113887,19676.492644821177
2022-09-17,19803.3,20189.0,19748.08,20113.62,179350.24338,3578667842.695283,19953.51539675888
2022-09-18,20112.61,20117.26,19335.62,19416.18,254217.46904,5033968947.530573,19801.821513448
2022-09-19,19417.45,19686.2,18232.56,19537.02,380512.40306,7215196795.656052,18961.791357214563
2022-09-20,19537.02,19634.62,18711.87,18875.0,324098.3286,6206043205.412278,19148.643043672517
2022-09-21,18874.31,19956.0,18125.98,18461.36,385034.10021,7338667639.751957,19059.786226075565
2022-09-22,18461.36,19550.17,18356.39,19401.63,379321.72111,7203741481.483637,18991.112505773468
2022-09-23,19401.63,19500.0,18531.42,19289.91,385886.91829,7330336009.190998,18996.072843501104
2022-09-24,19288.57,19316.14,18805.34,18920.5,239496.56746,4568927983.6507845,19077.21698104869
2022-09-25,18921.99,19180.21,18629.2,18807.38,191191.4492,3625136713.924704,18960.768010773067
2022-09-26,18809.13,19318.96,18680.72,19227.82,439239.21943,8356951609.998724,19025.968630131723
2022-09-27,19226.68,20385.86,18816.32,19079.13,593260.74161,11705770260.67216,19731.24031248868
2022-09-28,19078.1,19790.0,18471.28,19412.82,521385.45547,9964460007.304356,19111.503596359336
2022-09-29,19412.82,19645.52,18843.01,19591.51,406424.93256,7868786414.856212,19360.98350387141
2022-09-30,19590.54,20185.0,19155.36,19422.61,444322.9534,8694127253.576595,19567.135091825294
2022-10-01,19422.61,19484.0,19159.42,19310.95,165625.13959,3200350294.52687,19322.853417357048
2022-10-02,19312.24,19395.91,18920.35,19056.8,206812.47032,3970724799.9558167,19199.639140772957
2022-10-03,19057.74,19719.1,18959.68,19629.08,293585.75212,5672105805.772144,19320.09903346308
2022-10-04,19629.08,20475.0,19490.6,20337.82,327012.00127,6533428229.851051,19979.16958545101
2022-10-05,20337.82,20365.6,19730.0,20158.26,312239.75224,6275437160.958072,20098.13649907882
2022-10-06,20158.26,20456.6,19853.0,19960.67,320122.1702,6452892402.324269,20157.592953630017
2022-10-07,19960.67,20068.82,19320.0,19530.09,220874.83913,4353681483.987034,19711.079365742484
2022-10-08,19530.09,19627.38,19237.14,19417.96,102480.09842,1995917001.739599,19476.142514614097
2022-10-09,19416.52,19558.0,19316.04,19439.02,113900.82681,2215007204.237991,19446.80531540727
2022-10-10,19439.96,19525.0,19020.25,19131.87,212509.09849,4101745483.129524,19301.505263891275
2022-10-11,19131.87,19268.09,18860.0,19060.0,243473.84286,4642843395.600282,19069.167106669294
2022-10-12,19060.0,19238.31,18965.88,19155.53,213826.26731,4086903621.9265537,19113.19723877265
2022-10-13,19155.1,19513.79,18190.0,19375.13,399756.68337,7554309475.307986,18897.268737633574
2022-10-14,19375.58,19951.87,19070.37,19176.93,351634.32601,6877621835.225796,19559.01721332577
2022-10-15,19176.93,19227.68,18975.18,19069.39,113847.64232,2178316065.622199,19133.607172113803
2022-10-16,19068.4,19425.84,19063.74,19262.98,131894.61885,2531545363.3077,19193.69709985481
2022-10-17,19262.98,19676.96,19152.03,19549.86,222813.87634,4331666395.604674,19440.73891068985
2022-10-18,19548.48,19706.66,19091.0,19327.44,260313.07848,5065944973.464348,19460.969856163287
2022-10-19,19327.44,19360.16,19065.97,19123.97,186137.29538,3575041318.449784,19206.47504387191
2022-10-20,19123.35,19347.82,18900.0,19041.92,223530.13068,4276025723.9947824,19129.527240854302
2022-10-21,19041.92,19250.0,18650.0,19164.37,269310.75769,5126619487.869021,19036.07390897546
2022-10-22,19164.37,19257.0,19112.72,19204.35,110403.90837,2117395641.1269212,19178.62938357969
2022-10-23,19204.29,19695.0,19070.11,19570.4,167057.20184,3233393909.200977,19355.01058073377
2022-10-24,19570.4,19601.15,19157.0,19329.72,256168.14467,4957159176.816838,19351.19287842261
2022-10-25,19330.6,20415.87,19237.0,20080.07,326370.67061,6454151276.520069,19775.52475673442
2022-10-26,20079.02,21020.0,20050.41,20771.59,380492.69576,7833551674.485677,20587.91604090812
2022-10-27,20771.61,20872.21,20200.0,20295.11,328643.57791,6771209922.011917,20603.505977732
2022-10-28,20295.11,20750.0,20000.09,20591.84,287039.94569,5849603405.682575,20379.05696930448
2022-10-29,20591.84,21085.0,20554.01,20809.67,254881.77755,5303038321.457483,20805.874678181688
2022-10-30,20809.68,20931.21,20515.0,20627.48,192795.60886,3994389493.325892,20718.259699713635
2022-10-31,20627.48,20845.92,20237.95,20490.74,303567.61628,6226304300.443864,20510.43644491032
2022-11-01,20490.74,20700.0,20330.74,20483.62,279932.43771,5740102554.92083,20505.314074631715
2022-11-02,20482.81,20800.0,20048.04,20151.84,373716.27299,7633404092.430692,20425.66686047131
2022-11-03,20151.84,20393.32,20031.24,20207.82,319185.1544,6461673165.239643,20244.278520366057
2022-11-04,20207.12,21302.05,20180.96,21148.52,453694.39165,9409862204.986904,20740.53014136901
2022-11-05,21148.52,21480.65,21080.65,21299.37,245621.98525,5240395528.908201,21335.205493003406
2022-11-06,21299.37,21365.27,20886.13,20905.58,230036.97217,4877535058.412703,21203.265772460905
2022-11-07,20905.58,21069.77,20384.89,20591.13,386977.60337,8035052131.593453,20763.61024932732
2022-11-08,20590.67,20700.88,17166.83,18547.23,760705.362783,14758384309.854223,19400.920555971188
2022-11-09,18545.38,18587.76,15588.0,15922.81,731926.929729,12737719697.394009,17402.993632315483
2022-11-10,15922.68,18199.0,15754.26,17601.15,608448.36432,10323294543.880354,16966.591003030528
2022-11-11,17602.45,17695.0,16361.6,17070.31,393552.86492,6725273822.837806,17088.616097877715
2022-11-12,17069.98,17119.1,16631.39,16812.08,167819.96035,2827930561.006379,16850.978602953644
2022-11-13,16813.16,16954.28,16229.0,16329.85,184960.78846,3074280132.053523,16621.253389165635
2022-11-14,16331.78,17190.0,15815.21,16619.46,380210.7775,6273920325.336827,16501.163819157722
2022-11-15,16617.72,17134.69,16527.72,16900.57,282461.84391,4758545355.786832,16846.68374997592
2022-11-16,16900.57,17015.92,16378.61,16662.76,261493.40809,4362538338.565324,16683.16754303741
2022-11-17,16661.61,16751.0,16410.74,16692.56,228038.97873,3785204632.014221,16598.936958474693
2022-11-18,16692.56,17011.0,16546.04,16700.45,214224.18184,3588467560.373121,16750.992019441015
2022-11-19,16699.43,16822.41,16553.53,16700.68,104963.15558,1747627888.1295474,16649.91756843242
2022-11-20,16700.68,16753.33,16180.0,16280.23,154842.13478,2561165772.4957075,16540.49639740899
2022-11-21,16279.5,16319.0,15476.0,15781.29,324096.997753,5188798317.004153,16010.016609159173
2022-11-22,15781.29,16315.0,15616.63,16226.94,239548.06623,3823612603.803002,15961.776122758569
2022-11-23,16227.96,16706.0,16160.2,16603.11,264927.70408,4368042618.500261,16487.67777484399
2022-11-24,16603.11,16812.63,16458.05,16598.95,206565.92346,3431724405.654768,16613.21648882371
2022-11-25,16599.55,16666.0,16342.81,16522.14,182089.49533,3003553172.229472,16494.928314157525
2022-11-26,16521.35,16701.99,16385.0,16458.57,181804.81666,3011990387.647429,16567.164957352394
2022-11-27,16457.61,16600.0,16401.0,16428.78,162025.47607,2679048565.5213013,16534.736576634834
2022-11-28,16428.77,16487.04,15995.27,16212.91,252695.40367,4096398587.357314,16210.81558217372
2022-11-29,16212.18,16548.71,16100.0,16442.53,248106.25009,4072651066.9994063,16414.947489319842
2022-11-30,16442.91,17249.0,16428.3,17163.64,303019.80719,5123595199.505285,16908.44980405086
2022-12-01,17165.53,17324.0,16855.01,16977.37,232818.18218,3972607179.868572,17063.13116385905
2022-12-02,16978.0,17105.73,16787.85,17092.74,202372.2062,3432385161.660257,16960.753781910676
2022-12-03,17092.13,17188.98,16858.74,16885.2,154542.57306,2622504252.866453,16969.461559620115
2022-12-04,16885.2,17202.84,16878.25,17105.7,178619.13387,3040020095.051178,17019.565760875998
2022-12-05,17106.65,17424.25,16867.0,16966.35,233703.29225,4015334796.603721,17181.336034874457
2022-12-06,16966.35,17107.01,16906.37,17088.96,218730.76883,3717926010.340586,16997.727526986386
2022-12-07,17088.96,17142.21,16678.83,16836.64,220657.41334,3723206794.305467,16873.24589710731
2022-12-08,16836.64,17299.0,16733.49,17224.1,236417.97804,4009427525.030412,16959.06359689807
2022-12-09,17224.1,17360.0,17058.21,17128.56,238422.06465,4097973425.697354,17187.895053728007
2022-12-10,17128.56,17227.72,17092.0,17127.49,140573.97937,2411933258.8486,17157.750457502752
2022-12-11,17127.49,17270.99,17071.0,17085.05,155286.47871,2663686104.082561,17153.367931389817
2022-12-12,17085.05,17241.89,16871.85,17209.83,226227.49694,3844787581.481925,16995.226634636892
2022-12-13,17208.93,18000.0,17080.14,17774.7,284462.9139,4983896040.378995,17520.37188978185
2022-12-14,17775.82,18387.95,17660.94,17803.15,266681.22209,4779915721.484459,17923.705628854983
2022-12-15,17804.01,17854.82,17275.51,17356.34,223701.96882,3923378677.8337474,17538.418184377548
2022-12-16,17356.96,17531.73,16527.32,16632.12,253379.04116,4308933187.65654,17005.8784970127
2022-12-17,16631.5,16796.82,16579.85,16776.52,144825.66684,2417851422.213125,16694.90964529313
2022-12-18,16777.54,16863.26,16663.07,16738.21,112619.31646,1884666030.099238,16734.83811961007
2022-12-19,16739.0,16815.99,16256.3,16438.88,179094.28305,2981094033.013813,16645.38913384267
2022-12-20,16438.88,17061.27,16397.2,16895.56,248808.92324,4176995653.545711,16787.965637054742
2022-12-21,16896.15,16925.0,16723.0,16824.67,156810.96362,2638528723.736041,16826.175050680693
2022-12-22,16824.68,16868.52,16559.85,16821.43,176044.27235,2949612072.049303,16754.944836745795
2022-12-23,16821.9,16955.14,16731.13,16778.5,161612.00947,2720021933.9789267,16830.568117425977
2022-12-24,16778.52,16869.99,16776.62,16836.12,100224.29096,1686757294.9926343,16829.825173478428
2022-12-25,16835.73,16857.96,16721.0,16832.11,125441.07202,2108857873.1916704,16811.54217858916
2022-12-26,16832.11,16944.52,16791.0,16919.39,124564.00656,2099037538.6317945,16851.075977720175
2022-12-27,16919.39,16972.83,16592.37,16706.36,173749.58616,2918379509.5314097,16796.468837882436
2022-12-28,16706.06,16785.19,16465.33,16547.31,193037.56577,3210894236.812391,16633.520133786293
2022-12-29,16547.32,16664.41,16488.91,16633.47,160998.47158,2671665748.0816226,16594.354728107304
2022-12-30,16633.47,16677.35,16333.0,16607.48,164916.31174,2726831056.725026,16534.635221675533
2022-12-31,16607.48,16644.09,16470.0,16542.4,114490.42864,1897047504.9188972,16569.485567076634
2023-01-01,16541.77,16628.0,16499.01,16616.75,96925.41374,1604793789.6772127,16556.997053239636
2023-01-02,16617.17,16799.23,16548.7,16672.87,121888.57191,2034683215.2678783,16692.977720423587
2023-01-03,16672.78,16778.4,16605.28,16675.18,159541.53733,2662765916.3256683,16690.110681445498
2023-01-04,16675.65,16991.87,16652.66,16850.36,220362.18862,3709833209.845365,16835.162298386527
2023-01-05,16850.36,16879.82,16753.0,16831.85,163473.56641,2751080253.8177333,16828.89970674454
2023-01-06,16831.85,17041.0,16679.0,16950.65,207401.28415,3490305009.6881223,16828.753129434866
2023-01-07,16950.31,16981.91,16908.0,16943.57,104526.5688,1770201710.2089734,16935.42350554009
2023-01-08,16943.83,17176.99,16911.0,17127.83,135155.89695,2291925699.9585457,16957.64485071952
2023-01-09,17127.83,17398.8,17104.66,17178.26,266211.52723,4590284350.546169,17242.996192949526
2023-01-10,17179.04,17499.0,17146.34,17440.66,221382.42581,3829247653.731105,17296.981184123135
2023-01-11,17440.64,18000.0,17315.6,17943.26,262221.60653,4586965947.26355,17492.707820546315
2023-01-12,17943.26,19117.04,17892.05,18846.62,454568.32178,8348431207.846009,18365.62472095547
2023-01-13,18846.62,20000.0,18714.12,19930.01,368615.87823,7061633461.444734,19157.160281192737
2023-01-14,19930.01,21258.0,19888.05,20954.92,393913.74951,8183071567.046188,20773.76475745092
2023-01-15,20952.76,21050.74,20551.01,20871.5,178542.22549,3710526606.138964,20782.347682491432
2023-01-16,20872.99,21474.05,20611.48,21185.65,293078.08262,6168654053.042638,21047.817693828743
2023-01-17,21185.65,21647.45,20841.31,21134.81,275407.74409,5840585769.490093,21207.049891746905
2023-01-18,21132.29,21650.0,20407.15,20677.47,350916.01949,7399719195.246726,21086.8663277357
2023-01-19,20677.47,21192.0,20659.19,21071.59,251385.84925,5243024330.011201,20856.48156271947
2023-01-20,21071.59,22755.93,20861.28,22667.21,338079.13659,7256172889.710533,21462.94196944291
2023-01-21,22666.0,23371.8,22422.0,22783.55,346445.48432,7938935168.532014,22915.39514251277
2023-01-22,22783.35,23078.71,22292.37,22707.88,253577.75286,5775552321.544121,22776.257997415083
2023-01-23,22706.02,23180.0,22500.0,22916.45,293588.37938,6704191295.97568,22835.34283657137
2023-01-24,22917.81,23162.2,22462.93,22632.89,293158.78254,6721432962.573841,22927.619306976543
2023-01-25,22631.94,23816.73,22300.0,23060.94,346042.83223,7875590359.115837,22759.004451452605
2023-01-26,23060.42,23282.47,22850.01,23009.65,288924.43581,6664592468.337928,23066.90484539231
2023-01-27,23009.65,23500.0,22534.88,23074.16,280833.86315,6461707755.053915,23009.004977446628
2023-01-28,23074.16,23189.0,22878.46,23022.6,148115.71085,3408985411.316586,23015.690852464257
2023-01-29,23021.4,23960.54,22967.76,23742.3,295688.79204,6941922954.136406,23477.125751852374
2023-01-30,23743.37,23800.51,22500.0,22826.15,302405.90121,7020727239.059652,23216.23755015364
2023-01-31,22827.38,23320.0,22714.77,23125.13,264649.34909,6083858924.538486,22988.37667826469
2023-02-01,23125.13,23812.66,22760.23,23732.66,310790.42271,7212542002.325099,23207.09222450897
2023-02-02,23731.41,24255.0,23363.27,23488.94,364177.20751,8673696845.80511,23817.242449383488
2023-02-03,23489.33,23715.7,23204.62,23431.9,332571.02904,7806490899.914181,23473.15375740457
2023-02-04,23431.9,23587.78,23253.96,23326.84,166126.47295,3886777607.796051,23396.49749240072
2023-02-05,23327.66,23433.33,22743.0,22932.91,209251.33917,4842463016.833934,23141.84958644312
2023-02-06,22932.91,23158.25,22628.13,22762.52,265371.6069,6076050768.117038,22896.386087026545
2023-02-07,22762.52,23350.25,22745.78,23240.46,308006.72482,7085929136.456849,23005.76112615037
2023-02-08,23242.42,23452.0,22665.85,22963.0,280056.30717,6457585647.820655,23058.16895564779
2023-02-09,22961.85,23011.39,21688.0,21796.35,402894.6955,9052973327.197165,22469.825064244767
2023-02-10,21797.83,21938.16,21451.0,21625.19,338591.94247,7369456394.906654,21765.00817221781
2023-02-11,21625.19,21906.32,21599.78,21862.55,177021.58433,3842000897.79758,21703.573111374943
2023-02-12,21862.02,22090.0,21630.0,21783.54,204435.65163,4469822441.4372015,21864.20228467272
2023-02-13,21782.37,21894.99,21351.07,21773.97,295730.76791,6404813758.2696295,21657.583360480137
2023-02-14,21774.63,22319.08,21532.77,22199.84,361958.40109,7938385476.792084,21931.761917630487
2023-02-15,22199.84,24380.0,22047.28,24324.05,375669.16111,8604133693.663172,22903.486855935425
2023-02-16,24322.87,25250.0,23505.25,23517.72,450080.68366,11074988148.779009,24606.67287189174
2023-02-17,23517.72,25021.11,23339.37,24569.97,496813.21376,11968532252.05733,24090.60773862403
2023-02-18,24568.24,24877.0,24430.0,24631.95,216917.25213,5339920389.516133,24617.315299180915
2023-02-19,24632.05,25192.0,24192.57,24271.76,300395.99542,7408745406.624344,24663.26289159006
2023-02-20,24272.51,25121.23,23840.83,24842.2,346938.56997,8561226688.07291,24676.491543771583
2023-02-21,24843.89,25250.0,24148.34,24452.16,376000.82868,9280992344.428871,24683.435877019227
2023-02-22,24450.67,24476.05,23574.69,24182.21,379425.75365,9101745945.990707,23988.21339467268
2023-02-23,24182.21,24599.59,23608.0,23940.2,398400.45437,9596083721.512953,24086.52805551506
2023-02-24,23940.2,24132.35,22841.19,23185.29,343582.57453,8087524100.39044,23538.80755289665
2023-02-25,23184.04,23219.13,22722.0,23157.07,191311.8101,4406286300.272117,23031.96179038252
2023-02-26,23157.07,23689.99,23059.18,23554.85,202323.73623,4716158181.22559,23309.959914264826
2023-02-27,23554.85,23897.99,23106.77,23492.09,283706.0859,6659785788.329373,23474.243660309767
2023-02-28,23492.09,23600.0,23020.97,23141.57,264140.99894,6172930936.037334,23369.83263033515
2023-03-01,23141.57,24000.0,23020.03,23628.97,315287.41737,7441571085.495408,23602.4994196406
2023-03-02,23629.76,23796.93,23195.9,23465.32,239315.45219,5603770010.239548,23415.83027321838
2023-03-03,23465.32,23476.95,21971.13,22354.34,319954.19785,7167184765.7436495,22400.65863772085
2023-03-04,22354.34,22410.0,22157.08,22346.57,121257.38132,2706422995.680256,22319.655646677427
2023-03-05,22346.57,22662.09,22189.22,22430.24,154841.75786,3473011455.187952,22429.424098427444
2023-03-06,22430.24,22602.19,22258.0,22410.0,203751.82957,4569102169.185691,22424.839957650303
2023-03-07,22409.41,22557.91,21927.0,22197.96,292519.80912,6517594938.246053,22280.86691924631
2023-03-08,22198.56,22287.0,21580.0,21705.44,301460.57272,6641171704.242421,22029.98436684726
2023-03-09,21704.37,21834.99,20042.72,20362.22,443658.28584,9403028764.707771,21194.304411343423
2023-03-10,20362.21,20367.78,19549.09,20150.69,618456.4671,12344992788.912497,19960.97291503688
2023-03-11,20150.69,20686.51,19765.03,20455.73,427831.82133,8651590672.468525,20221.94292508056
2023-03-12,20455.73,22150.0,20270.6,21997.11,430944.94288,8982418413.80114,20843.540601200104
2023-03-13,21998.05,24500.0,21813.88,24113.48,687889.31259,15824996078.60564,23005.148922902004
2023-03-14,24112.27,26386.87,23976.42,24670.41,699360.93423,17465307097.884075,24973.238056417133
2023-03-15,24670.41,25196.97,23896.95,24285.66,581450.72984,14291005743.897852,24578.18867615896
2023-03-16,24285.66,25167.4,24123.0,24998.78,439421.32998,10847330151.941006,24685.48841822202
2023-03-17,24998.78,27756.84,24890.0,27395.13,624460.68091,16476681071.24338,26385.45800390925
2023-03-18,27395.13,27724.85,26578.0,26907.49,371238.97174,10135945069.64263,27303.019998507632
2023-03-19,26907.49,28390.1,26827.22,27972.87,372066.99054,10264707987.594164,27588.332877088786
2023-03-20,27972.87,28472.0,27124.47,27717.01,477378.23373,13300424536.51492,27861.397099301976
2023-03-21,27717.01,28438.55,27303.1,28105.47,420929.7422,11760492716.33759,27939.324636152047
2023-03-22,28107.81,28868.05,26601.8,27250.97,224113.41296,6272099822.449624,27986.275964522814
2023-03-23,27250.97,28750.0,27105.0,28295.41,128649.60818,3591123573.1149583,27913.987643790104
2023-03-24,28295.42,28374.3,27000.0,27454.47,86242.06544,2403443392.0273013,27868.57410899343
2023-03-25,27454.46,27787.33,27156.09,27462.95,50844.08102,1397227639.2141378,27480.635133606316
2023-03-26,27462.96,28194.4,27417.76,27968.05,49671.70353,1380973402.9961205,27802.01412182411
2023-03-27,27968.05,28023.86,26508.14,27124.91,88039.46898,2407130888.034605,27341.497125356756
2023-03-28,27124.9,27520.0,26631.78,27261.07,78602.44341,2124533606.765556,27028.849417361336
2023-03-29,27261.06,28650.0,27240.1,28348.6,89486.16008,2519887866.2111588,28159.526165369
2023-03-30,28348.6,29184.68,27686.0,28028.53,98865.43256,2808471938.6424427,28407.016142249937
2023-03-31,28028.53,28656.69,27511.71,28465.36,78198.12139,2203253311.777351,28175.271638419483
2023-04-01,28465.36,28819.71,28220.27,28452.73,30238.44753,860804237.452269,28467.210050987327
2023-04-02,28452.74,28530.0,27856.43,28171.87,37365.65692,1053600933.0676804,28197.04027480217
2023-04-03,28171.87,28500.99,27200.24,27800.0,79180.01405,2214361048.7823668,27966.16135208133
2023-04-04,27800.0,28444.44,27662.79,28165.47,49722.55691,1397141464.875036,28098.745352213547
2023-04-05,28165.47,28775.0,27805.1,28170.01,60737.64732,1721098539.0660567,28336.60200893762
2023-04-06,28170.01,28182.05,27711.0,28033.82,40118.94963,1122713087.5561826,27984.608219070728
2023-04-07,28033.83,28100.0,27766.94,27906.33,24762.09387,691323748.9286413,27918.630490541844
2023-04-08,27906.34,28154.99,27859.02,27938.38,19479.96735,545324518.6860754,27994.11872146056
2023-04-09,27938.38,28530.0,27800.0,28323.76,32531.16101,913915923.6951956,28093.553851774923
2023-04-10,28323.76,29770.0,28170.0,29637.34,67754.0622,1955300943.1708305,28858.800191183676
2023-04-11,29637.35,30550.0,29590.0,30200.42,67990.07621,2046078278.0821176,30093.77827085271
2023-04-12,30200.43,30486.0,29637.4,29888.07,62049.48451,1863497606.1415305,30032.442990581265
2023-04-13,29888.07,30595.0,29854.59,30373.84,51934.11731,1571091101.1299672,30251.618444807013
2023-04-14,30373.84,31000.0,29966.0,30466.93,75984.19452,2323267494.38023,30575.667861672424
2023-04-15,30466.93,30595.6,30202.0,30295.09,25429.81247,772211097.614016,30366.370122666343
2023-04-16,30295.1,30549.99,30120.0,30304.65,26431.99322,801322926.1525651,30316.40177428001
2023-04-17,30304.66,30316.06,29240.65,29430.27,56441.81127,1675287761.4330356,29681.67965799294
2023-04-18,29430.27,30485.0,29096.78,30380.01,62004.89434,1861001491.9786973,30013.783779293462
2023-04-19,30380.01,30413.53,28520.0,28797.1,86575.48656,2541283888.303447,29353.388462243794
2023-04-20,28797.1,29088.3,28010.0,28243.65,76879.09372,2198854031.424746,28601.456196051862
2023-04-21,28243.65,28374.02,27125.0,27262.84,77684.7679,2164667611.9354606,27864.762558368413
2023-04-22,27262.84,27882.72,27140.35,27816.85,36023.69686,989379475.3218232,27464.684681499493
2023-04-23,27816.85,27816.85,27311.25,27590.6,34812.09581,959389698.7572552,27559.09049525436
2023-04-24,27590.59,28000.0,26942.82,27510.93,53111.56874,1458406515.6404214,27459.30030385356
2023-04-25,27510.93,28399.99,27192.0,28300.79,52325.14637,1446329375.242731,27641.191197354525
2023-04-26,28300.8,30036.0,27235.0,28415.29,129228.40403,3719701461.909164,28783.930977323264
2023-04-27,28415.29,29890.0,28378.86,29472.77,95430.82431,2784859692.36462,29181.97251779161
2023-04-28,29472.77,29599.54,28891.0,29311.7,54298.16578,1590683771.668198,29295.35001445859
2023-04-29,29311.69,29448.88,29031.0,29230.45,20466.83058,599466910.0466621,29289.67959662771
2023-04-30,29230.45,29969.39,29079.59,29233.21,39752.5372,1172155267.8761897,29486.300760601254
2023-05-01,29233.2,29337.34,27666.95,28068.26,64433.65958,1828221138.95444,28373.69708427851
2023-05-02,28068.26,28879.88,27872.0,28669.86,50824.5224,1441733922.0116444,28366.895623039723
2023-05-03,28669.85,29266.66,28113.69,29026.16,64615.79213,1845961218.843244,28568.267260879024
2023-05-04,29026.16,29379.83,28663.64,28838.16,42575.47501,1233816136.1606576,28979.503713601847
2023-05-05,28838.16,29677.0,28800.0,29505.61,58415.83048,1709786814.901134,29269.237479838943
2023-05-06,29505.6,29820.0,28300.0,28848.2,49249.28459,1429517892.780502,29026.165652582164
2023-05-07,28848.19,29138.29,28395.23,28430.1,30003.41028,865838535.326382,28858.004048411192
2023-05-08,28430.09,28631.01,27262.0,27668.79,68244.36179,1903052694.6684127,27885.859648368365
2023-05-09,27668.8,27818.0,27353.0,27628.27,40113.31069,1106923908.305847,27594.927700190958
2023-05-10,27628.28,28331.42,26777.0,27598.75,71155.11355,1971173412.435502,27702.48425013584
2023-05-11,27598.74,27630.14,26702.05,26968.62,47635.31365,1295799109.011004,27202.48928204557
2023-05-12,26968.61,27091.12,25811.46,26795.01,67207.93494,1777052127.731093,26441.10593961203
2023-05-13,26795.01,27045.45,26692.03,26775.28,22814.90421,612062852.0866882,26827.325087712397
2023-05-14,26775.27,27200.0,26560.53,26917.62,21594.8036,580801698.0002693,26895.437845068864
2023-05-15,26917.61,27663.59,26726.0,27162.14,40430.08333,1104633264.131574,27322.06251259225
2023-05-16,27162.15,27296.89,26852.11,27033.84,33270.45451,900273404.6010331,27059.24574401112
2023-05-17,27033.85,27500.0,26544.71,27405.61,42958.97785,1159714527.6352634,26995.859437918716
2023-05-18,27405.62,27485.33,26361.2,26821.28,49198.65143,1330745572.6946373,27048.415637734022
2023-05-19,26821.28,27183.6,26630.0,26880.26,28754.13544,772864757.1633048,26878.38619860465
2023-05-20,26880.26,27150.0,26825.11,27102.43,14434.54718,389225653.7451669,26964.86761181288
2023-05-21,27102.42,27277.55,26666.03,26747.78,21347.87279,575213570.2794422,26944.772246764085
2023-05-22,26747.78,27099.89,26538.21,26849.27,26458.83828,709594996.7242744,26818.8266323337
2023-05-23,26849.28,27495.83,26798.11,27219.61,38700.83858,1054565781.6023751,27249.171343469505
2023-05-24,27219.61,27219.61,26080.5,26329.01,54393.0657,1442636235.4543552,26522.429226752614
2023-05-25,26329.0,26631.98,25871.89,26473.79,37435.44895,984117789.7017612,26288.39288173573
2023-05-26,26473.8,26932.16,26327.24,26705.92,35061.18713,932817724.59401,26605.42328858704
2023-05-27,26705.93,26895.0,26551.0,26854.27,15095.6867,403337263.0344908,26718.709194891468
2023-05-28,26854.28,28261.32,26764.36,28065.0,43916.00855,1205762341.9704952,27456.100446781045
2023-05-29,28065.01,28447.14,27524.6,27736.4,42385.41945,1182678581.634669,27902.95806863058
2023-05-30,27736.39,28038.59,27554.0,27694.4,32686.75371,908653906.0072742,27798.84212635303
2023-05-31,27694.39,27835.51,26839.01,27210.35,46588.80573,1265952178.7798684,27172.88324831821
2023-06-01,27210.36,27350.0,26605.05,26817.93,39217.8088,1055132509.8658342,26904.42281583652
2023-06-02,26817.93,27300.0,26505.0,27242.59,36380.90269,983857061.6408418,27043.228421907024
2023-06-03,27242.59,27333.29,26914.93,27069.22,16595.34117,450588672.4704081,27151.51607036278
2023-06-04,27069.22,27455.02,26951.0,27115.21,19258.41049,523747237.4389696,27195.766634579075
2023-06-05,27115.2,27129.33,25388.0,25728.2,65805.60305,1722665798.0920303,26178.102140985244
2023-06-06,25728.2,27355.33,25351.02,27230.08,68392.60438,1797636024.0812123,26284.070337390072
2023-06-07,27230.07,27391.77,26125.01,26339.34,59619.44364,1589291467.5372329,26657.267671497397
2023-06-08,26339.34,26810.0,26210.0,26498.61,31075.51083,823023638.236875,26484.63746064428
2023-06-09,26498.62,26783.33,26269.91,26477.81,27934.7097,741158215.0539023,26531.803015440044
2023-06-10,26477.8,26533.87,25358.0,25841.21,64944.60108,1673795235.4008925,25772.661738873096
2023-06-11,25841.22,26206.88,25634.7,25925.55,30014.29595,776111471.8669971,25858.06021103744
2023-06-12,25925.54,26106.48,25602.11,25905.19,29900.50893,773303698.8633221,25862.55975353802
2023-06-13,25905.2,26433.21,25712.57,25934.25,41065.60853,1068985236.5126554,26031.15538228834
2023-06-14,25934.24,26098.0,24820.56,25128.6,45077.31608,1152808416.919793,25574.02518982876
2023-06-15,25128.6,25759.01,24800.0,25598.49,48664.86063,1224436974.8502872,25160.597585179752
2023-06-16,25598.49,26518.0,25175.56,26345.0,51596.91662,1335158158.639614,25876.704386674144
2023-06-17,26345.01,26839.99,26181.0,26516.99,27842.2195,738491809.8811625,26524.1716768005
2023-06-18,26516.99,26700.0,26255.85,26339.97,21538.31022,571013013.8553362,26511.504757002996
2023-06-19,26339.98,27068.09,26256.61,26844.35,35872.65974,954193987.2948112,26599.47698917993
2023-06-20,26844.35,28402.74,26652.0,28307.99,69666.95525,1912797983.5310051,27456.31665209031
2023-06-21,28308.0,30800.0,28257.99,29993.89,108926.40412,3210301129.366291,29472.203322067133
2023-06-22,29993.89,30500.0,29525.61,29884.92,59054.5646,1775822103.7632556,30070.869471167956
2023-06-23,29884.92,31431.94,29800.0,30688.5,73931.89635,2265077496.195469,30637.35150891296
2023-06-24,30688.51,30800.0,30250.0,30527.43,30513.30135,933244397.704002,30584.83862494289
2023-06-25,30527.44,31046.01,30277.49,30462.66,30223.44801,926316644.4167664,30648.939992229774
2023-06-26,30462.67,30666.0,29930.0,30267.99,45180.41489,1367837657.5451825,30275.01320816628
2023-06-27,30267.99,30994.97,30226.17,30692.44,42699.64157,1306206257.0193572,30590.56725050063
2023-06-28,30692.44,30709.74,29858.8,30077.41,40463.51937,1224103637.6132562,30252.030882929503
2023-06-29,30077.4,30843.98,30049.98,30447.31,36330.62903,1107940389.9242406,30496.042031349345
2023-06-30,30447.31,31282.0,29500.0,30472.0,89419.07618,2726355505.5063505,30489.640711767308
2023-07-01,30471.99,30661.6,30320.57,30585.9,17501.75075,533859338.1325383,30503.196266381427
2023-07-02,30585.9,30791.0,30155.0,30617.03,23286.41019,711031423.4334425,30534.17927589304
2023-07-03,30617.02,31380.0,30570.27,31156.2,43761.64311,1352635339.5043936,30909.153390433417
2023-07-04,31156.2,31350.69,30620.0,30766.51,33206.11943,1028794008.5245212,30982.060722068574
2023-07-05,30766.52,30878.07,30200.0,30504.81,33215.67122,1013694790.31705,30518.570093103488
2023-07-06,30504.8,31500.0,29850.45,29895.43,71319.6261,2181763648.99527,30591.35007152358
2023-07-07,29895.42,30449.0,29701.02,30344.7,34070.53895,1027461795.2332093,30156.89880166128
2023-07-08,30344.7,30386.81,30044.47,30284.63,13094.59042,395759717.5724278,30223.145961706818
2023-07-09,30284.63,30445.52,30061.12,30160.71,15388.50196,465781514.2589476,30268.15186232381
2023-07-10,30160.71,31045.78,29950.0,30411.57,41262.87652,1254289037.7420728,30397.518145253944
2023-07-11,30411.57,30813.63,30300.0,30622.1,28476.83311,868966244.2412692,30514.84836409428
2023-07-12,30622.1,30983.25,30210.0,30380.0,38108.99669,1166497472.433173,30609.503627768503
2023-07-13,30380.0,31804.2,30251.0,31454.23,70772.51836,2194927210.224416,31013.835046245425
2023-07-14,31454.23,31630.0,29900.0,30312.01,60749.48424,1869443273.7476244,30772.990044855476
2023-07-15,30312.0,30390.9,30200.0,30289.52,14118.55329,427921094.3021783,30309.13192821744
2023-07-16,30289.52,30441.46,30064.29,30231.99,15760.1281,477189328.0072937,30278.26455340129
2023-07-17,30232.0,30336.96,29659.2,30138.0,30882.76839,929647644.243343,30102.47114194489
2023-07-18,30138.01,30239.78,29512.0,29859.13,30003.8601,897157095.4774112,29901.38910417767
2023-07-19,29859.14,30189.09,29761.96,29909.21,25657.36137,769254865.2851151,29981.83851378304
2023-07-20,29909.21,30417.46,29570.96,29800.0,37540.68193,1125950643.7116494,29992.812752073773
2023-07-21,29800.0,30061.7,29726.34,29901.72,23881.40865,713123417.7612139,29861.02822545243
2023-07-22,29901.72,29999.0,29625.1,29794.0,14660.40467,437785700.3396102,29861.77463678499
2023-07-23,29793.99,30350.0,29730.0,30083.75,18292.78637,548940321.0915866,30008.56785775641
2023-07-24,30083.75,30099.58,28861.9,29176.5,39628.99691,1162562413.8190155,29336.15545352484
2023-07-25,29176.5,29376.0,29047.65,29228.91,21565.7478,629531351.1145664,29191.259999551992
2023-07-26,29228.91,29690.0,29096.94,29351.96,33931.63366,995569172.1396836,29340.44326057019
2023-07-27,29351.95,29567.49,29083.85,29222.78,22476.47626,659594157.3443576,29345.977087974272
2023-07-28,29222.78,29542.22,29123.12,29314.14,23993.61627,702705076.837866,29287.16825885396
2023-07-29,29314.14,29406.92,29256.18,29352.9,10851.36844,318276733.8766431,29330.56191359429
2023-07-30,29352.9,29449.0,29033.24,29281.09,15706.97441,459830379.6509824,29275.554135889262
2023-07-31,29281.09,29530.0,29101.8,29232.25,22605.48964,663025204.2072346,29330.27396292375
2023-08-01,29232.26,29739.25,28585.7,29705.99,44719.65162,1299160215.077924,29051.21502549675
2023-08-02,29705.99,30047.5,28927.5,29186.01,48181.65141,1419729744.649752,29466.191031283124
2023-08-03,29186.0,29433.33,28968.0,29193.64,26476.91994,773302705.4947629,29206.671593492112
2023-08-04,29193.65,29333.08,28807.54,29113.99,23551.95217,686643453.3930904,29154.41779249717
2023-08-05,29114.0,29152.23,28978.64,29072.13,11645.52018,338478560.1218247,29065.13018655253
2023-08-06,29072.13,29205.09,28991.88,29088.42,13178.1972,383209498.8777505,29079.05330766719
2023-08-07,29088.43,29276.78,28701.03,29211.06,30966.87746,899492595.6812717,29046.92592409902
2023-08-08,29211.06,30244.0,29146.45,29770.42,45700.53392,1352934531.6659672,29604.34847510349
2023-08-09,29770.41,30160.0,29376.67,29581.99,38003.88725,1130396850.0974114,29744.24281025124
2023-08-10,29581.99,29738.0,29320.2,29455.75,23463.45373,692863472.0877249,29529.475074755966
2023-08-11,29455.76,29564.52,29252.45,29426.03,20637.0443,607176051.3015367,29421.657601497547
2023-08-12,29426.02,29481.35,29381.56,29430.17,8971.48068,263949405.5434029,29420.941197791544
2023-08-13,29430.18,29474.65,29272.32,29303.84,11101.70947,326264625.2296824,29388.683437568143
2023-08-14,29303.85,29695.32,29102.45,29430.93,31443.11532,924613476.681799,29405.911827498872
2023-08-15,29430.92,29499.26,29059.6,29200.0,27503.87691,806683957.3100156,29329.8272076224
2023-08-16,29200.01,29259.85,28723.08,28730.51,32996.69854,959870747.0063142,29089.902610793564
2023-08-17,28730.51,28783.48,25166.0,26623.41,100271.54033,2755821274.340605,27483.583729451268
2023-08-18,26623.41,26832.6,25619.0,26054.0,69790.65711,1834219523.699404,26281.734542324382
2023-08-19,26054.0,26281.0,25801.09,26100.01,26160.75343,680623880.8247554,26016.983136435432
2023-08-20,26100.01,26299.0,25971.05,26189.99,19056.91209,497880752.2301158,26125.99301916157
2023-08-21,26190.0,26258.42,25812.0,26126.92,30267.24233,788205156.3215925,26041.525280958507
2023-08-22,26126.92,26139.42,25300.0,26056.0,34247.06688,886782344.1602929,25893.672800287797
2023-08-23,26055.99,26819.27,25812.82,26432.72,44023.69978,1156326251.922411,26265.994400764357
2023-08-24,26432.71,26577.87,25864.0,26180.05,30205.22116,792966965.8982658,26252.645583948637
2023-08-25,26180.05,26314.05,25777.15,26060.01,27753.33772,722611079.1898074,26036.907217436023
2023-08-26,26060.0,26125.77,25985.92,26017.37,10022.22322,261041530.4758038,26046.26984907684
2023-08-27,26017.38,26182.23,25966.11,26101.77,12099.64216,315548363.0193776,26079.148362134503
2023-08-28,26101.78,26253.99,25864.5,26120.0,22692.62655,591008939.17657,26044.095771565502
2023-08-29,26120.0,28142.85,25922.0,27716.34,74251.99488,2023326050.758479,27249.450388887373
2023-08-30,27716.34,27768.57,27017.24,27299.99,35448.25848,969086451.1625257,27338.05531544764
2023-08-31,27299.99,27587.51,25655.01,25940.78,51032.80401,1360373186.0116708,26656.837937909557
2023-09-01,25940.77,26156.0,25333.75,25805.05,41032.15056,1059444591.7097492,25819.86508751369
2023-09-02,25805.04,25987.5,25752.47,25869.51,16250.77698,419812969.9468598,25833.40910182497
2023-09-03,25869.52,26135.0,25800.0,25971.21,17474.47667,453100690.1021077,25929.285246063264
2023-09-04,25971.21,26108.02,25631.21,25826.02,21777.59609,563532890.5699993,25876.726165784967
2023-09-05,25826.03,25915.49,25562.62,25792.1,21323.39337,548893707.6002005,25741.386376731298
2023-09-06,25792.11,26040.0,25372.51,25759.95,27262.52386,700763180.8011677,25704.26657486904
2023-09-07,25759.95,26443.14,25615.38,26255.0,27687.49567,718923008.9071183,25965.62063524174
2023-09-08,26255.0,26445.5,25647.26,25910.5,28999.76471,754184537.1096923,26006.57435160592
2023-09-09,25910.5,25945.09,25796.64,25901.61,10980.62277,284109473.8075783,25873.712243698024
2023-09-10,25901.6,26033.66,25570.57,25841.61,18738.26914,483577459.2055345,25806.943832034984
2023-09-11,25841.6,25900.69,24901.0,25162.52,41682.32,1057371884.6697066,25367.395209040827
2023-09-12,25162.53,26567.0,25131.48,25840.1,56434.38537,1464393036.9616623,25948.59547704262
2023-09-13,25840.1,26405.22,25764.17,26222.0,31610.82753,825437881.4687591,26112.504669021524
2023-09-14,26222.0,26860.49,26126.77,26522.73,38333.1725,1015267319.7730228,26485.345552159102
2023-09-15,26522.73,26888.0,26224.0,26600.0,26227.29369,695203258.0004445,26506.862134445582
2023-09-16,26599.99,26777.0,26445.0,26559.67,13960.93351,370889866.4592735,26566.265514667117
2023-09-17,26559.67,26623.25,26399.0,26527.51,12998.10277,344703727.5601071,26519.54163308305
2023-09-18,26527.5,27409.0,26377.35,26762.51,43000.43256,1158780347.625305,26948.10909188921
2023-09-19,26762.5,27483.57,26667.79,27210.26,36190.52187,981539255.55962,27121.445197320118
2023-09-20,27210.25,27388.63,26800.0,27125.0,34207.21867,927206075.9626272,27105.56753846212
2023-09-21,27125.01,27159.6,26377.7,26568.08,34476.82662,920768143.3513128,26706.870487238382
2023-09-22,26568.08,26743.38,26468.77,26580.14,18198.2292,484331618.9485319,26614.216890318752
2023-09-23,26580.14,26632.81,26509.0,26575.96,9440.7026,250873957.3886738,26573.653256344904
2023-09-24,26575.97,26738.54,26122.08,26248.38,15706.65771,416368301.3736848,26509.0326065102
2023-09-25,26248.39,26446.15,25990.46,26304.81,26266.2039,688252596.3809944,26202.97165899159
2023-09-26,26304.8,26397.46,26088.34,26221.67,18495.35066,485217905.0421048,26234.58803035772
2023-09-27,26221.68,26850.0,26112.06,26372.99,34771.57978,918797815.048481,26423.81568113156
2023-09-28,26373.0,27308.48,26342.4,27021.39,44517.83491,1193420040.1309185,26807.68376412757
2023-09-29,27021.39,27244.89,26665.16,26906.96,28478.76219,767827314.9319088,26961.400562610223
2023-09-30,26906.96,27094.99,26886.31,26962.56,12804.62307,345406056.6806953,26975.105381270336
2023-10-01,26962.57,28065.51,26954.09,27992.57,24602.81468,674657121.9944204,27421.9486985308
2023-10-02,27992.58,28580.0,27281.44,27494.51,57071.14241,1600944483.4902065,28051.733606259284
2023-10-03,27494.51,27676.52,27160.5,27426.46,28928.96555,794301815.426502,27456.97263366204
2023-10-04,27426.45,27839.72,27202.0,27778.57,29816.142,820421385.2557853,27516.014152863416
2023-10-05,27778.57,28120.39,27352.0,27410.39,30681.49619,849415594.0472504,27684.946939585683
2023-10-06,27410.39,28295.0,27175.94,27931.09,37983.24277,1052864393.8176136,27719.18132933055
2023-10-07,27931.1,28029.67,27842.08,27956.67,13348.83825,372820279.523143,27929.043152736005
2023-10-08,27956.67,28095.14,27687.5,27917.05,19693.56921,549839951.4800811,27919.77145518565
2023-10-09,27917.06,27987.93,27260.0,27590.12,31534.74639,870014634.3621609,27589.07979161842
2023-10-10,27590.12,27735.0,27298.0,27390.12,22776.84383,626258724.2775784,27495.412839100907
2023-10-11,27390.12,27477.39,26538.66,26875.52,37349.44706,1007065585.9346406,26963.333200538167
2023-10-12,26875.52,26947.04,26555.0,26759.63,23428.64112,626909068.3868717,26758.234298604155
2023-10-13,26759.63,27130.0,26685.0,26862.0,24115.76499,647553796.3580662,26851.88699701565
2023-10-14,26862.0,26989.58,26789.0,26852.48,10417.25576,280059019.0534013,26884.145451124197
2023-10-15,26852.48,27293.33,26808.25,27154.15,15274.6917,412673965.3439348,27016.8441660878
2023-10-16,27154.14,30000.0,27112.66,28500.78,78399.22445,2210785548.2360964,28199.07420954209
2023-10-17,28500.77,28613.65,28069.32,28395.91,38428.44532,1090741746.4830873,28383.707365736525
2023-10-18,28395.91,28982.36,28142.87,28320.0,32162.47591,914773525.152758,28442.260717507
2023-10-19,28320.0,28916.89,28100.66,28713.71,35895.50179,1023984017.0322788,28526.806033327182
2023-10-20,28713.71,30207.55,28578.29,29669.04,59422.0992,1753411192.551091,29507.7288779305
2023-10-21,29669.05,30379.99,29464.77,29909.8,27517.51897,821964508.4353629,29870.58932643893
2023-10-22,29909.8,30248.0,29640.0,29992.46,22852.54563,683854827.8969322,29924.66742957477
2023-10-23,29992.46,34741.91,29883.6,33069.99,93513.64246,2941620022.865188,31456.5869265915
2023-10-24,33069.99,35280.0,32832.34,33922.73,115265.02418,3933194868.161196,34123.05594122851
2023-10-25,33922.73,35132.85,33679.05,34496.05,54887.02529,1888210825.6063828,34401.77010194795
2023-10-26,34496.05,34824.13,33751.0,34151.66,39744.66255,1363077907.10912,34295.87319792504
2023-10-27,34151.66,34245.0,33390.95,33892.02,32330.40106,1096889423.419842,33927.49200308999
2023-10-28,33892.01,34493.33,33860.0,34081.0,16880.13144,575936523.347353,34119.196606644015
2023-10-29,34081.01,34750.11,33930.0,34525.89,20685.52176,711652985.1790963,34403.43412343766
2023-10-30,34525.88,34856.0,34062.84,34474.73,33657.95976,1159771907.642105,34457.5819779905
2023-10-31,34474.74,34720.49,34025.0,34639.77,32737.89822,1125442444.4884882,34377.357914838314
2023-11-01,34639.78,35582.0,34097.39,35421.43,53473.28165,1856348820.4794536,34715.44597972983
2023-11-02,35421.43,35984.99,34300.0,34941.59,48015.57732,1686141698.092171,35116.55575553894
2023-11-03,34941.58,34946.5,34120.0,34716.78,39071.20644,1347962831.5658624,34500.15892485613
2023-11-04,34716.78,35255.0,34585.18,35062.07,18377.55545,639958598.4198353,34822.83594033914
2023-11-05,35062.06,35380.0,34448.0,35011.88,24528.73376,859350974.0014893,35034.461314218664
2023-11-06,35011.89,35276.33,34725.9,35046.09,22346.47086,782427702.2653205,35013.479630282905
2023-11-07,35046.09,35888.0,34523.06,35399.12,38688.73692,1358031361.1978526,35101.46542147317
2023-11-08,35399.13,36106.0,35100.0,35624.72,33401.34137,1185492160.4927278,35492.35185978184
2023-11-09,35624.72,37972.24,35534.05,36701.09,82537.88885,3033417922.782681,36751.82349642423
2023-11-10,36701.1,37526.0,36324.71,37301.63,43414.04898,1605069174.5241032,36971.19278746672
2023-11-11,37301.63,37408.26,36666.93,37130.0,22984.97235,851924612.7339427,37064.4175577589
2023-11-12,37129.99,37222.22,36731.1,37064.13,17687.18874,655570813.1382711,37064.72649639804
2023-11-13,37064.13,37417.99,36333.0,36462.93,32798.18252,1208037462.3041444,36832.45135816582
2023-11-14,36462.93,36744.0,34800.0,35551.19,45503.68416,1639130785.08681,36021.935703564144
2023-11-15,35551.2,37980.0,35360.0,37858.2,53569.13385,1963249656.5094736,36648.89676967353
2023-11-16,37858.2,37929.54,35500.0,36163.51,47490.39566,1744503339.0151725,36733.813537892354
2023-11-17,36163.51,36800.0,35861.1,36613.92,38283.61112,1391225051.1923273,36339.96403399699
2023-11-18,36613.91,36845.49,36178.58,36568.1,17102.24186,624434069.5256634,36511.82544588709
2023-11-19,36568.11,37500.0,36384.02,37359.86,21246.34648,781531839.4371592,36784.29325121122
2023-11-20,37359.85,37750.0,36677.0,37448.78,36022.70291,1343722642.386475,37302.1048904538
2023-11-21,37448.79,37649.44,35735.0,35741.65,47646.54804,1756747495.981855,36870.4044311256
2023-11-22,35741.65,37861.1,35632.01,37408.34,45051.30697,1657141022.427348,36783.417260920985
2023-11-23,37408.35,37653.44,36870.0,37294.28,23827.92882,888826648.8541473,37301.88450571959
2023-11-24,37294.27,38414.0,37251.51,37713.57,44680.80646,1688715728.079148,37795.1040250572
2023-11-25,37713.57,37888.0,37591.1,37780.67,11396.14464,430165251.7609749,37746.55950321238
2023-11-26,37780.67,37814.63,37150.0,37447.43,21264.53723,797321193.5893991,37495.34659350774
2023-11-27,37447.42,37569.23,36707.0,37242.7,30001.07376,1112557435.2767923,37083.92053487596
2023-11-28,37242.7,38377.0,36868.41,37818.87,37544.46667,1414360251.6823456,37671.60322488996
2023-11-29,37818.88,38450.0,37570.0,37854.64,32994.19107,1252586505.66259,37963.84954567064
2023-11-30,37854.65,38145.85,37500.0,37723.96,24740.29147,934491058.960814,37772.03110537218
2023-12-01,37723.97,38999.0,37615.86,38682.52,43415.66324,1669750777.6239817,38459.63997817257
2023-12-02,38682.51,39717.14,38641.61,39450.35,26696.92161,1043421976.7660652,39083.98099259599
2023-12-03,39450.35,40250.0,39274.86,39972.26,26710.65335,1059860641.0494444,39679.322971313406
2023-12-04,39972.26,42420.0,39972.26,41991.1,79272.33059,3285736844.1408806,41448.72264617597
2023-12-05,41991.1,44488.0,41414.0,44073.32,67490.74644,2890205389.4901266,42823.728317474604
2023-12-06,44073.82,44297.21,43335.28,43762.69,51431.10492,2256979505.594805,43883.55080268038
2023-12-07,43762.69,44047.33,42821.1,43273.14,47103.26845,2046945851.8836448,43456.55660936719
2023-12-08,43273.15,44700.0,43081.1,44170.99,42900.37556,1875581755.4469104,43719.47170541064
2023-12-09,44171.0,44358.02,43584.51,43713.6,24925.97008,1096487106.564834,43989.74655933768
2023-12-10,43713.59,44049.0,43563.0,43789.51,18956.61758,830485162.5569535,43809.7756127733
2023-12-11,43789.5,43804.5,40222.0,41253.4,76663.89804,3205540835.511434,41812.91217202284
2023-12-12,41253.41,42104.12,40680.0,41492.39,42722.69773,1773961284.3375635,41522.68884209255
2023-12-13,41492.38,43475.2,40555.0,42869.03,45865.99773,1919703389.4848804,41854.60874056692
2023-12-14,42869.03,43420.0,41400.0,43022.26,42047.05709,1798740625.30166,42779.227603290514
2023-12-15,43022.26,43080.81,41666.0,41940.3,33421.7932,1416898938.509979,42394.461901882
2023-12-16,41940.29,42724.43,41605.0,42278.03,24118.85747,1020469627.8857332,42310.03185598796
2023-12-17,42278.02,42424.07,41252.0,41374.65,27722.11452,1161963642.9627964,41914.68302767824
2023-12-18,41374.64,42757.81,40542.93,42657.8,46734.0925,1936003306.0825727,41425.93131732627
2023-12-19,42657.8,43497.0,41811.1,42275.99,40927.86444,1747830242.4615936,42705.14150631784
2023-12-20,42275.99,44283.0,42206.0,43668.93,48710.2947,2115813869.779619,43436.68792830397
2023-12-21,43668.92,44242.35,43286.72,43861.8,34624.29384,1514529919.1877797,43741.82838750365
2023-12-22,43861.79,44398.26,43412.54,43969.04,32783.19638,1436074497.5128598,43805.20071523482
2023-12-23,43969.04,43988.68,43291.1,43702.16,16557.1293,722943825.3332176,43663.59724769544
2023-12-24,43702.15,43946.0,42500.0,42991.5,25144.33496,1093460634.889423,43487.35556652888
2023-12-25,42991.5,43802.32,42720.43,43576.13,27021.23992,1172053386.5109816,43375.26294059794
2023-12-26,43576.12,43592.68,41637.6,42508.93,41010.04282,1746333612.304945,42583.0721506412
2023-12-27,42508.93,43677.0,42098.69,43428.85,36191.21136,1554082990.052276,42940.89453358037
2023-12-28,43428.86,43787.57,42241.79,42563.76,35150.52485,1508408742.378081,42912.836972278696
2023-12-29,42563.76,43111.0,41300.0,42066.95,42597.18912,1803086285.2465773,42328.76212012783
2023-12-30,42066.94,42612.32,41520.3,42140.28,22906.57818,964875790.984935,42122.21412569509
2023-12-31,42140.29,42899.0,41965.84,42283.58,23585.91603,1001519241.5559052,42462.59675825299
2024-01-01,42283.58,44184.1,42180.77,44179.55,27174.29903,1169995682.0280013,43055.22952906143
2024-01-02,44179.55,45879.63,44148.34,44946.91,65146.40661,2944331821.823076,45195.61361917267
2024-01-03,44946.91,45500.0,40750.0,42845.23,81194.55173,3507104563.744232,43193.84107700439
2024-01-04,42845.23,44729.58,42613.77,44151.1,48038.06334,2095095359.4936347,43613.23529354492
2024-01-05,44151.1,44357.46,42450.0,44145.11,48075.25327,2100953924.3687155,43701.35946178689
2024-01-06,44145.12,44214.42,43397.05,43968.32,17835.06144,781212883.4916061,43802.08535416215
2024-01-07,43968.32,44480.59,43572.09,43929.02,23023.8508,1014635096.1241482,44068.87036134496
2024-01-08,43929.01,47248.99,43175.0,46951.04,72814.57589,3298772150.681508,45303.73363246555
2024-01-09,46951.04,47972.0,44748.67,46110.0,69927.66617,3251442072.8083963,46497.21992585695
2024-01-10,46110.0,47695.93,44300.36,46653.99,89911.41203,4123809481.712767,45865.25101326191
2024-01-11,46654.0,48969.48,45606.06,46339.16,87470.3296,4105139605.028302,46931.79531620631
2024-01-12,46339.16,46515.53,41500.0,42782.73,86327.93707,3827483735.576057,44336.55969877396
2024-01-13,42782.74,43257.0,42436.12,42847.99,36118.47464,1547370611.5531662,42841.527140227154
2024-01-14,42847.99,43079.0,41720.0,41732.35,28228.40894,1202212782.257693,42588.75464122042
2024-01-15,41732.35,43400.43,41718.05,42511.1,40269.89303,1718982911.1081028,42686.55270148114
2024-01-16,42511.1,43578.01,42050.0,43137.95,45045.74589,1931947150.05907,42888.559438594086
2024-01-17,43137.94,43198.0,42200.69,42776.1,33266.21388,1419888430.9228892,42682.59790683728
2024-01-18,42776.09,42930.0,40683.28,41327.5,43907.51641,1839426541.263579,41893.20398100784
2024-01-19,41327.51,42196.86,40280.0,41659.03,48342.74559,1993846466.538752,41243.96416059562
2024-01-20,41659.03,41872.56,41456.3,41696.04,15923.99493,662768008.1509343,41620.71208037833
2024-01-21,41696.05,41881.39,41500.98,41580.33,11730.16301,489151571.0309043,41700.32169321953
2024-01-22,41580.32,41689.65,39431.58,39568.02,55426.19911,2247452153.7954326,40548.55266793763
2024-01-23,39568.02,40176.74,38555.0,39897.6,57956.63351,2275851990.6468267,39268.18817476941
2024-01-24,39897.59,40555.0,39484.19,40084.88,39293.82861,1569704923.8307493,39947.87424280847
2024-01-25,40084.89,40300.24,39550.0,39961.09,31022.11853,1238813296.1526136,39933.22683473783
2024-01-26,39961.09,42246.82,39822.52,41823.51,47384.96726,1951700659.289807,41188.18207852461
2024-01-27,41823.51,42200.0,41394.34,42120.63,16224.41667,678418702.3509445,41814.67452111143
2024-01-28,42120.63,42842.68,41620.81,42031.06,27294.99838,1154365891.668259,42292.21323252039
2024-01-29,42031.05,43333.0,41804.88,43302.7,31542.74207,1343462280.3618684,42591.80376203318
2024-01-30,43302.71,43882.36,42683.99,42941.1,37619.24546,1633251085.6713595,43415.30686488574
2024-01-31,42941.1,43745.11,42276.84,42580.0,39871.13688,1711665577.0530825,42929.94158166785
2024-02-01,42580.0,43285.13,41884.28,43082.94,35231.04664,1497121440.6440022,42494.37877738855
2024-02-02,43082.95,43488.0,42546.79,43200.0,29672.14418,1277919437.2905612,43067.984219081845
2024-02-03,43199.99,43380.01,42880.0,43011.09,12033.40998,518775350.0336009,43111.250335177305
2024-02-04,43011.1,43119.04,42222.0,42582.88,17066.89404,730999557.7083682,42831.434705993415
2024-02-05,42582.88,43569.76,42258.1,42708.7,29467.75905,1262620640.5407174,42847.52832403512
2024-02-06,42708.7,43399.98,42574.0,43098.95,24675.85433,1061049582.6002768,42999.50747035703
2024-02-07,43098.96,44396.5,42788.0,44349.6,34392.59915,1496013692.382922,43498.12835773774
2024-02-08,44349.6,45614.3,44331.1,45288.65,45439.62231,2042912128.1517663,44958.82721503559
2024-02-09,45288.66,48200.0,45242.12,47132.77,73503.481,3453043306.420976,46977.95613817223
2024-02-10,47132.78,48170.0,46800.0,47751.09,24802.35936,1176079377.6922762,47418.04441350842
2024-02-11,47751.08,48592.66,47557.16,48299.99,29958.80837,1443314885.7714052,48176.64534403526
2024-02-12,48300.0,50334.82,47710.01,49917.27,59009.96705,2898220863.0181804,49114.09051563231
2024-02-13,49917.28,50368.61,48300.95,49699.59,55551.56706,2745025370.067447,49414.00423686711
2024-02-14,49699.6,52043.71,49225.01,51795.17,57046.37401,2919604456.723313,51179.4922532941
2024-02-15,51795.17,52816.62,51314.0,51880.0,53816.03055,2802825737.9920154,52081.61414632643
2024-02-16,51880.01,52572.08,51566.0,52124.11,37772.25318,1965003863.9713345,52022.41588838504
2024-02-17,52124.1,52162.82,50625.0,51642.64,25674.00622,1319908544.979089,51410.30712810543
2024-02-18,51642.64,52377.0,51163.28,52137.67,21992.10363,1139209588.4334626,51800.846685691184
2024-02-19,52137.68,52488.77,51677.0,51774.73,29534.99432,1539600521.6007729,52128.01143348155
2024-02-20,51774.74,52985.0,50760.37,52258.82,49614.47318,2574874999.3787174,51897.65877463092
2024-02-21,52258.82,52366.8,50625.0,51849.39,43079.40049,2210278288.725095,51307.08096177349
2024-02-22,51849.38,52065.78,50940.78,51288.42,35309.44574,1820949707.158534,51571.17788160823
2024-02-23,51288.42,51548.54,50521.0,50744.15,30545.79544,1559143576.8296163,51042.82125807415
2024-02-24,50744.15,51698.0,50585.0,51568.22,16560.4211,847793393.571868,51193.95143713272
2024-02-25,51568.21,51958.55,51279.8,51728.85,18721.63159,966951114.4504628,51648.86990762875
2024-02-26,51728.85,54910.0,50901.44,54476.47,51256.72199,2710403072.980595,52878.97797111148
2024-02-27,54476.48,57588.15,54450.13,57037.34,67194.98562,3795949115.224932,56491.5533532773
2024-02-28,57037.35,64000.0,56691.85,62432.1,118763.46984,7162581994.48574,60309.63901724395
2024-02-29,62432.11,63676.35,60364.7,61130.98,78425.07603,4872212871.27608,62125.701598456966
2024-03-01,61130.99,63114.23,60777.0,62387.9,47737.93473,2956537377.9660296,61932.66203676067
2024-03-02,62387.9,62433.19,61561.12,61987.28,25534.73659,1582566973.834093,61977.02366171513
2024-03-03,61987.28,63231.88,61320.0,63113.97,28994.90903,1804536272.9443457,62236.31435012458
2024-03-04,63113.97,68499.0,62300.0,68245.71,84835.16005,5568877537.081252,65643.50834959322
2024-03-05,68245.71,69000.0,59005.0,63724.01,132696.7813,8674526591.287142,65371.039947652
2024-03-06,63724.01,67641.1,62779.14,66074.04,78738.85491,5197743036.597276,66012.42858482504
2024-03-07,66074.04,67980.0,65551.0,66823.17,53059.8869,3548088039.2736087,66869.49872246353
2024-03-08,66823.18,69990.0,66082.66,68124.19,74261.932842,5044395324.399055,67927.06749407576
2024-03-09,68124.2,68541.1,67861.1,68313.27,19872.89743,1355964036.909299,68231.82385384549
2024-03-10,68313.28,69887.61,68094.75,68955.88,38404.66835,2659307501.0945783,69244.38135642899
2024-03-11,68955.88,72800.0,67024.96,72078.1,75292.825726,5352704377.618805,71091.82483199614
2024-03-12,72078.1,73000.0,68620.82,71452.01,68783.546691,4909667978.559339,71378.52313163354
2024-03-13,71452.0,73650.25,71333.31,73072.41,52659.711647,3829764501.253793,72726.65157998397
2024-03-14,73072.4,73777.0,68555.0,71388.94,71757.628746,5132189849.096632,71521.17396831785
2024-03-15,71388.94,72419.71,65600.0,69499.85,103334.03546,7065279917.872112,68373.2120440321
2024-03-16,69499.84,70043.0,64780.0,65300.63,55926.95336,3788544202.884856,67740.93661956013
2024-03-17,65300.64,68904.4,64533.0,68393.48,49742.21589,3322963634.2425127,66803.69128691248
2024-03-18,68393.47,68956.0,66565.2,67609.99,55691.08088,3768277912.418918,67663.93923182404
2024-03-19,67610.0,68124.11,61555.0,61937.4,101005.32487,6484805948.535393,64202.61463325555
2024-03-20,61937.41,68100.0,60775.0,67840.51,90420.58592,5769770052.062583,63810.35903889643
2024-03-21,67840.51,68240.47,64529.01,65501.27,53357.48002,3551223142.964417,66555.30099309995
2024-03-22,65501.28,66649.62,62260.0,63796.64,51482.37821,3310481978.107645,64303.20613014364
2024-03-23,63796.64,65999.0,63000.0,63990.01,26410.11409,1706152172.6316135,64602.22651130598
2024-03-24,63990.02,67628.69,63772.29,67209.99,31395.78015,2059312948.6486876,65592.02984636417
2024-03-25,67210.0,71150.0,66385.06,69880.01,53431.14486,3679964073.811213,68873.01560641149
2024-03-26,69880.0,71561.1,69280.0,69988.0,38934.38417,2738537345.33588,70337.24569466793
2024-03-27,69987.99,71769.54,68359.18,69469.99,49119.35685,3426458581.943343,69757.80632484693
2024-03-28,69469.99,71552.06,68903.62,70780.6,35439.03239,2500571208.0026274,70559.80480743106
2024-03-29,70780.6,70916.16,69009.0,69850.54,25445.08353,1779608477.3224535,69939.18786803266
2024-03-30,69850.53,70321.1,69540.0,69582.18,13644.61142,954555919.6855744,69958.45394955004
2024-03-31,69582.17,71366.0,69562.99,71280.01,19396.34433,1367523707.261245,70504.19831669616
2024-04-01,71280.0,71288.23,68062.86,69649.8,41445.32039,2876486469.465523,69404.37285555564
2024-04-02,69649.81,69674.23,64550.0,65463.99,71799.82793,4750030717.922425,66156.5752295867
2024-04-03,65463.99,66903.63,64493.07,65963.28,39887.21778,2630556596.1359286,65949.86420574377
2024-04-04,65963.27,69309.91,65064.52,68487.79,41510.48453,2795469450.572386,67343.695989674
2024-04-05,68487.8,68756.67,65952.56,67820.62,37915.23073,2555458935.236009,67399.27163924735
2024-04-06,67820.63,69692.0,67447.83,68896.0,20134.28919,1373131967.764819,68198.68110600127
2024-04-07,68896.0,70326.29,68824.0,69360.39,21534.74433,1496213373.1855776,69479.04048720033
2024-04-08,69360.38,72797.99,69043.24,71620.0,45723.87624,3270853309.6629424,71534.90864367152
2024-04-09,71620.0,71758.19,68210.0,69146.0,39293.90242,2749007421.6421075,69960.15290766601
2024-04-10,69146.0,71172.08,67518.0,70631.08,42006.02377,2901564970.815804,69074.97331104339
2024-04-11,70631.08,71305.89,69567.21,70006.23,31917.25595,2247473274.6162577,70415.61712376022
2024-04-12,70006.22,71227.46,65086.86,67116.52,56072.86229,3843551585.3212743,68545.66412970025
2024-04-13,67116.52,67929.0,60660.57,63924.51,71395.22019,4614468627.809045,64632.738935867485
2024-04-14,63924.52,65840.0,62134.0,65661.84,61599.17818,3946124834.6970353,64061.32275281331
2024-04-15,65661.85,66867.07,62274.4,63419.99,52389.53069,3398072231.5612235,64861.66581007071
2024-04-16,63419.99,64365.0,61600.0,63793.39,53435.29331,3355338198.446913,62792.547595485696
2024-04-17,63793.4,64499.0,59678.16,61277.37,50610.54509,3128625247.4738536,61817.65562710824
2024-04-18,61277.38,64117.09,60803.35,63470.08,43601.60918,2726741448.886802,62537.63336187956
2024-04-19,63470.09,65450.0,59600.01,63818.01,69774.30271,4419893235.183288,63345.57370717847
2024-04-20,63818.01,65419.0,63090.07,64940.59,23137.42975,1486949581.439479,64265.9793030589
2024-04-21,64940.58,65695.56,64237.5,64941.15,19316.42152,1254396628.1531763,64939.3898789374
2024-04-22,64941.15,67232.35,64500.0,66819.32,31397.99371,2071690434.976552,65981.61825596952
2024-04-23,66819.32,67183.01,65765.81,66414.0,22599.90004,1502139968.7198818,66466.66427998421
2024-04-24,66414.0,67070.43,63606.06,64289.59,33595.69637,2195714861.657656,65357.02780128608
2024-04-25,64289.58,65297.94,62794.0,64498.34,31341.46338,2007704069.2622728,64059.04041300935
2024-04-26,64498.33,64820.01,63297.48,63770.01,27085.19346,1736631357.3537388,64117.369511073775
2024-04-27,63770.0,63923.41,62391.24,63461.98,20933.06052,1320337707.7871158,63074.27939290723
2024-04-28,63461.98,64370.0,62781.0,63118.62,16949.20005,1078450016.4732296,63628.3726247735
2024-04-29,63118.62,64228.35,61765.53,63866.0,28150.22947,1765038324.6837213,62700.67270907122
2024-04-30,63866.0,64734.0,59191.6,60672.0,54947.65535,3372142467.4322524,61370.08842238529
2024-05-01,60672.01,60841.63,56552.82,58364.97,81166.46823,4705572361.7402,57974.33921118882
2024-05-02,58364.97,59625.0,56911.84,59060.61,47583.81961,2778840305.0505786,58398.849184998806
2024-05-03,59060.6,63333.0,58811.32,62882.01,43628.40143,2658193708.347904,60928.05652329179
2024-05-04,62882.01,64540.0,62541.03,63892.04,24368.69282,1547468697.8765798,63502.32691211624
2024-05-05,63892.03,64646.0,62822.17,64012.0,18526.75029,1182572239.5306182,63830.527265697725
2024-05-06,64012.0,65500.0,62700.0,63165.19,34674.91949,2218131198.4661326,63969.32512289829
2024-05-07,63165.18,64422.41,62261.0,62312.08,25598.79472,1624531631.592377,63461.2546942748
2024-05-08,62312.07,63020.22,60888.0,61193.03,26121.19004,1623561041.1255188,62154.94158724473
2024-05-09,61193.03,63429.03,60630.0,63074.01,30660.8061,1895849912.7734756,61833.00943198213
2024-05-10,63074.0,63469.13,60187.12,60799.99,36529.34025,2255550468.413852,61746.26897111431
2024-05-11,60799.99,61515.0,60487.09,60825.99,13374.56936,814928013.4573288,60931.1590917144
2024-05-12,60825.99,61888.0,60610.0,61483.99,12753.13236,781041632.4623835,61243.121330106194
2024-05-13,61484.0,63450.0,60749.21,62940.08,32733.41839,2041896626.6108148,62379.571918911184
2024-05-14,62940.09,63118.36,61142.77,61577.49,29088.72041,1800171876.1676655,61885.56425977437
2024-05-15,61577.49,66444.16,61319.47,66206.5,43559.74719,2794259631.8910465,64147.74676498866
2024-05-16,66206.51,66752.01,64602.77,65235.21,31106.3671,2045507646.8293848,65758.48733005485
2024-05-17,65235.21,67451.2,65106.38,67024.0,26292.23409,1745971822.3447454,66406.36989493445
2024-05-18,67024.0,67400.01,66600.0,66915.2,14441.25774,967145944.6835316,66971.03272415743
2024-05-19,66915.2,67700.0,65857.25,66274.01,18025.30409,1204989222.8768685,66849.86932039427
2024-05-20,66274.0,71515.56,66060.31,71446.62,50816.7011,3485474763.752294,68589.15845193056
2024-05-21,71446.62,71979.0,69162.94,70148.34,49607.4336,3509345769.233608,70742.3366733813
2024-05-22,70148.34,70666.0,68842.19,69166.62,27673.18026,1931700812.3032143,69804.07723847256
2024-05-23,69166.62,70096.12,66312.16,67969.65,40513.17374,2766790260.7886024,68293.59453655586
2024-05-24,67969.66,69250.0,66600.12,68549.99,28095.83664,1906438696.7156007,67854.8470061008
2024-05-25,68549.99,69610.0,68500.0,69290.57,12130.39418,837339788.9838961,69028.24232739782
2024-05-26,69290.56,69562.23,68128.01,68507.67,11872.11797,818914878.9908898,68977.9937379522
2024-05-27,68507.67,70687.56,68250.0,69436.43,23136.92737,1604722197.8374028,69357.61919355512
2024-05-28,69436.43,69591.81,67277.91,68398.39,32622.97042,2224860225.7992225,68199.19207710278
2024-05-29,68398.4,68935.68,67124.65,67652.42,23159.83149,1573095221.6483984,67923.43123600155
2024-05-30,67652.41,69500.0,67128.0,68352.17,28478.2184,1945001081.521587,68297.84975318493
2024-05-31,68352.17,69044.1,66670.0,67540.01,26690.32184,1812659052.2496767,67914.46963869495
2024-06-01,67540.01,67900.0,67428.44,67766.85,8837.66133,598305207.9932046,67699.49488358642
2024-06-02,67766.84,68460.0,67257.47,67765.63,15426.32529,1046827665.3829314,67859.82051483962
2024-06-03,67765.62,70288.0,67612.48,68809.9,29633.374,2047757076.226836,69103.06859511966
2024-06-04,68809.89,71063.45,68567.32,70537.84,29619.78489,2069902136.99324,69882.41625252533
2024-06-05,70537.83,71758.0,70383.66,71108.0,28703.18082,2040073765.8676395,71074.83239091546
2024-06-06,71108.0,71700.0,70117.64,70799.06,21842.00449,1551467659.1542966,71031.37717349204
2024-06-07,70799.06,71997.02,68420.0,69355.6,35598.45045,2507250591.3329782,70431.45304469224
2024-06-08,69355.6,69582.2,69168.02,69310.46,9773.82967,678267390.5310388,69396.27693870368
2024-06-09,69310.46,69857.14,69130.24,69648.14,9890.56709,687344656.0725566,69494.96927911305
2024-06-10,69648.15,70195.94,69172.29,69540.0,17122.66941,1192466549.9691226,69642.56106426356
2024-06-11,69540.0,69590.01,66051.0,67314.24,41436.01588,2793799020.4691243,67424.41234118777
2024-06-12,67314.23,69999.0,66905.0,68263.99,37175.32356,2550285139.184372,68601.55864059337
2024-06-13,68263.98,68449.3,66251.78,66773.01,29079.55571,1958897960.917292,67363.40748987638
2024-06-14,66773.01,67370.24,65078.0,66043.99,28408.18797,1884451554.428285,66334.80306517013
2024-06-15,66043.99,66478.48,65857.1,66228.25,11451.80242,758175888.0283372,66205.81286874291
2024-06-16,66228.25,66998.7,66034.5,66676.87,9392.52223,624653672.6138575,66505.42392316036
2024-06-17,66676.86,67298.81,65130.0,66504.33,27386.16851,1812061226.7565656,66167.02245496282
2024-06-18,66504.33,66588.23,64060.0,65175.32,42350.10244,2755141806.0310903,65056.31975588416
2024-06-19,65175.32,65727.54,64666.0,64974.37,20060.79576,1307731953.9545317,65188.4386641366
2024-06-20,64974.37,66482.94,64559.15,64869.99,24265.29031,1584896152.1663702,65315.35917842353
2024-06-21,64869.99,65066.66,63379.35,64143.56,25993.56442,1665541539.708616,64075.15001779106
2024-06-22,64143.56,64546.81,63943.82,64262.01,7308.95542,470027247.3402083,64308.40254601091
2024-06-23,64262.01,64521.0,63178.32,63210.01,8224.45447,526848525.0029452,64058.78066742403
2024-06-24,63210.01,63369.8,58402.0,60293.3,52161.35414,3180853460.924751,60981.036887719696
2024-06-25,60293.3,62420.0,60257.06,61806.01,31189.24361,1914901308.84587,61396.20866701326
2024-06-26,61806.01,62487.81,60712.0,60864.99,22485.66463,1381716993.355492,61448.79486960008
2024-06-27,60864.98,62389.22,60606.63,61706.47,18344.28631,1126705164.782892,61419.950917833885
2024-06-28,61706.46,62225.31,60063.0,60427.84,24821.19255,1519872032.026636,61232.83677708048
2024-06-29,60427.84,61224.0,60383.77,60986.68,11509.55904,701345872.4881144,60935.946377326574
2024-06-30,60986.68,63058.76,60712.21,62772.01,17326.30136,1070250012.5446604,61770.252652736985
2024-07-01,62772.01,63861.76,62497.2,62899.99,24547.10538,1550980813.6701343,63183.85771602266
2024-07-02,62900.0,63288.83,61806.28,62135.47,18573.11875,1160792332.6175597,62498.5145597887
2024-07-03,62135.46,62285.94,59400.0,60208.58,32160.11127,1945901232.9066567,60506.66978636536
2024-07-04,60208.57,60498.19,56771.0,57050.01,54568.77276,3168619756.2436485,58066.5387176585
2024-07-05,57050.02,57546.0,53485.93,56628.79,81348.24756,4515040083.536515,55502.610307694194
2024-07-06,56628.79,58475.0,56018.0,58230.13,21651.31558,1235398733.4357028,57058.82992980249
2024-07-07,58230.13,58449.46,55724.37,55857.81,19118.93918,1094135752.452869,57227.84837337763
2024-07-08,55857.81,58236.73,54260.16,56714.62,48090.2049,2699942701.375511,56143.297933328446
2024-07-09,56714.61,58296.0,56289.45,58050.0,27732.20788,1592351321.655387,57418.84413046549
2024-07-10,58050.0,59470.0,57157.79,57725.85,24951.73799,1452293495.6501489,58204.10170354425
2024-07-11,57725.85,59650.0,57050.0,57339.89,29761.05735,1728929618.0583844,58093.68927070007
2024-07-12,57339.89,58526.68,56542.47,57889.1,23652.4569,1360201319.0761504,57507.82359849265
2024-07-13,57889.09,59850.0,57756.63,59204.02,15357.74519,900429281.1482327,58630.30477511346
2024-07-14,59204.01,61420.69,59194.01,60797.91,21178.33907,1273562988.611176,60135.16850408873
2024-07-15,60797.91,64900.0,60632.3,64724.14,38690.9782,2435540879.028933,62948.54749960635
2024-07-16,64724.06,65388.97,62373.24,65043.99,42530.52915,2725231969.2884507,64077.07648491485
2024-07-17,65044.0,66128.63,63854.0,64087.99,29567.52954,1922412273.0882092,65017.68335049778
2024-07-18,64087.99,65133.3,63238.48,63987.92,22568.7225,1449872437.6497972,64242.55682393176
2024-07-19,63987.92,67386.0,63300.67,66660.0,35634.72739,2331517674.368659,65428.24500526252
2024-07-20,66660.01,67598.0,66222.46,67139.96,14386.92434,961878801.8482212,66857.84807903015
2024-07-21,67139.97,68366.66,65777.0,68165.34,21819.11191,1465757867.9747434,67177.70521645137
2024-07-22,68165.35,68474.55,66559.97,67532.01,21451.04303,1448418369.8467095,67522.04859321051
2024-07-23,67532.0,67750.98,65441.08,65936.01,31406.15316,2088544473.323508,66501.12360731758
2024-07-24,65936.0,67102.01,65111.0,65376.0,23082.56277,1526490826.466997,66131.77408753545
2024-07-25,65376.01,66175.49,63456.7,65799.95,35126.42934,2266419771.224864,64521.78071637906
2024-07-26,65799.95,68200.0,65722.63,67907.99,24244.36023,1630839588.6966548,67266.76114466622
2024-07-27,67908.0,69399.99,66650.0,67896.5,31710.21921,2162335067.023417,68190.47994286689
2024-07-28,67896.49,68318.43,67066.66,68249.88,10868.69394,736755676.1377451,67786.95583894095
2024-07-29,68249.88,70079.99,66428.0,66784.69,36467.29633,2499265962.091455,68534.44630155984
2024-07-30,66784.68,67000.0,65302.67,66188.0,23132.25441,1533270724.799421,66282.80571462991
2024-07-31,66188.0,66849.24,64530.0,64628.0,22625.43905,1489443332.5960116,65830.47203214435
2024-08-01,64628.01,65659.78,62302.0,65354.02,35542.26854,2270877792.65868,63892.31430467044
2024-08-02,65354.02,65596.14,61230.01,61498.33,38820.42937,2469588785.6981573,63615.69992336634
2024-08-03,61498.34,62198.22,59850.0,60697.99,28034.71567,1711555901.18011,61051.302297017726
2024-08-04,60697.99,61117.63,57122.77,58161.0,31616.52003,1874490041.5437355,59288.31002795646
2024-08-05,58161.0,58305.59,49000.0,54018.81,162065.59186,8580928177.429901,52947.254743884914
2024-08-06,54018.82,57040.99,53950.0,56022.01,55884.77676,3119018848.329888,55811.60074638344
2024-08-07,56022.0,57736.05,54558.62,55134.16,44269.37684,2490553853.602583,56259.06735945333
2024-08-08,55133.76,62745.14,54730.0,61685.99,48349.52949,2836312292.431818,58662.66584907397
2024-08-09,61686.0,61744.37,59535.0,60837.99,30972.48017,1878350555.5122635,60645.79088282498
2024-08-10,60837.99,61470.58,60242.0,60923.51,9995.20621,607372221.2460397,60766.35223777337
2024-08-11,60923.51,61858.0,58286.73,58712.59,19189.84512,1152081498.1567774,60035.99773486745
2024-08-12,58712.59,60711.09,57642.21,59346.64,37009.91743,2186851067.316586,59088.24496711626
2024-08-13,59346.64,61578.1,58392.88,60587.15,27858.95851,1668247896.8477187,59881.91899739897
2024-08-14,60587.16,61800.0,58433.18,58683.39,28422.76326,1705464263.505865,60003.46440298448
2024-08-15,58683.39,59849.38,56078.54,57541.06,37686.17622,2194915865.052229,58241.93604145464
2024-08-16,57541.05,59817.76,57098.62,58874.6,27610.84344,1614654900.3332715,58479.01400918854
2024-08-17,58874.59,59700.0,58785.05,59491.99,7721.72931,457737705.7722839,59279.17016975617
2024-08-18,59491.99,60284.99,58408.92,58427.35,13634.85717,813166580.7264851,59638.80446915493
2024-08-19,58427.35,59617.63,57787.3,59438.5,22809.31251,1336287900.197634,58585.18969441899
2024-08-20,59438.5,61400.0,58548.23,59013.8,31477.44548,1890620149.79102,60062.69317477729
2024-08-21,59013.8,61820.93,58783.47,61156.03,27983.6422,1682529555.0960546,60125.46698070828
2024-08-22,61156.03,61400.0,59724.87,60375.84,21241.20588,1288544247.9560175,60662.48099262891
2024-08-23,60375.83,64955.0,60342.14,64037.24,38118.07089,2375916932.7935486,62330.46104693753
2024-08-24,64037.24,64494.5,63531.0,64157.01,15857.15616,1015774255.1740764,64057.782172593325
2024-08-25,64157.02,65000.0,63773.27,64220.0,12305.47977,789935122.9930242,64193.768772741176
2024-08-26,64219.99,64481.0,62800.0,62834.0,19470.05276,1238341818.4320166,63602.38637750957
2024-08-27,62834.0,63212.0,58034.01,59415.0,35135.94178,2158144642.992993,61422.70659787599
2024-08-28,59415.0,60234.98,57860.0,59034.9,36868.54275,2183054412.974087,59211.84430252772
2024-08-29,59034.9,61166.99,58713.09,59359.01,27020.90743,1617931684.258576,59877.02997946934
2024-08-30,59359.0,59944.07,57701.1,59123.99,28519.32195,1680918972.4658496,58939.65415492108
2024-08-31,59123.99,59462.38,58744.0,58973.99,8798.409,519849184.8690446,59084.45320842037
2024-09-01,58974.0,59076.59,57201.0,57301.86,20705.15741,1202176847.3910584,58061.71011336728
2024-09-02,57301.77,59425.69,57128.0,59132.13,22895.01461,1333092369.4465685,58226.31660887018
2024-09-03,59132.12,59809.65,57415.0,57487.73,22828.18447,1335076815.8599248,58483.70542188478
2024-09-04,57487.74,58519.0,55606.0,57970.9,35560.82146,2027630870.1796756,57018.67355512083
2024-09-05,57970.9,58327.07,55643.65,56180.0,27806.91413,1577770853.1007974,56740.23538622685
2024-09-06,56180.0,57008.0,52550.0,53962.97,54447.76826,2988914918.924334,54895.08595929243
2024-09-07,53962.97,54850.0,53745.54,54160.86,16694.04774,905693342.5898322,54252.47110200441
2024-09-08,54160.86,55318.0,53629.01,54869.95,16274.14779,885743172.9184759,54426.3935874258
2024-09-09,54869.95,58088.0,54591.96,57042.0,32384.51737,1809715390.0493293,55882.11704293585
2024-09-10,57042.01,58044.36,56386.4,57635.99,23626.78126,1349365460.0900571,57111.69224622758
2024-09-11,57635.99,57981.71,55545.19,57338.0,33026.56757,1875738697.3784156,56794.842316046816
2024-09-12,57338.0,58588.0,57324.0,58132.32,31074.40631,1802848638.0757017,58017.1546992848
2024-09-13,58132.31,60625.0,57632.62,60498.0,29825.23333,1760671733.5492997,59032.95756544211
2024-09-14,60497.99,60610.45,59400.0,59993.03,12137.90901,728527024.3416963,60020.80125509989
2024-09-15,59993.02,60395.8,58691.05,59132.0,13757.92361,822410872.3906956,59777.25241859339
2024-09-16,59132.0,59210.7,57493.3,58213.99,26477.5642,1543273198.7027452,58286.07144696283
2024-09-17,58213.99,61320.0,57610.01,60313.99,33116.25878,1983378424.775704,59891.37957737943
2024-09-18,60313.99,61786.24,59174.8,61759.99,36087.02469,2174000496.820776,60243.273461755045
2024-09-19,61759.98,63850.0,61555.0,62947.99,34332.52608,2153175931.1738715,62715.33665063399
2024-09-20,62948.0,64133.32,62350.0,63201.05,25466.37794,1611195963.9908044,63267.57451675535
2024-09-21,63201.05,63559.9,62758.0,63348.96,8375.34608,528657852.3183024,63120.71731348711
2024-09-22,63348.97,64000.0,62357.93,63578.76,14242.19892,897477338.3735127,63015.36324655637
2024-09-23,63578.76,64745.88,62538.75,63339.99,24078.05287,1531015038.3680267,63585.50031574986
2024-09-24,63339.99,64688.0,62700.0,64262.7,23185.04759,1472720338.8562915,63520.26378809308
2024-09-25,64262.7,64817.99,62947.08,63152.01,17813.11168,1135250828.2732148,63731.19130824507
2024-09-26,63152.01,65839.0,62670.0,65173.99,28373.30593,1831204595.9448967,64539.69799862856
2024-09-27,65173.99,66498.0,64819.9,65769.95,22048.80487,1448852210.3602211,65711.14483994347
2024-09-28,65769.95,66260.0,65422.23,65858.0,9127.23316,600118483.1222521,65750.31804296015
2024-09-29,65858.0,66076.12,65432.0,65602.01,8337.74111,547980013.7152303,65722.83865446504
2024-09-30,65602.01,65618.8,62856.3,63327.59,30011.08752,1920250261.744216,63984.694338868
2024-10-01,63327.6,64130.63,60164.0,60805.78,43671.48108,2723672081.8326254,62367.29358556084
2024-10-02,60804.92,62390.31,60000.0,60649.28,31534.70118,1928377637.836784,61150.97228382184
2024-10-03,60649.27,61477.19,59828.11,60752.71,26221.43472,1590773866.8074434,60666.92703104093
2024-10-04,60752.72,62484.85,60459.9,62086.0,21294.65994,1311145630.5020497,61571.56931344965
2024-10-05,62086.0,62370.56,61689.26,62058.0,7807.46141,484588468.3419123,62067.35363702711
2024-10-06,62058.01,62975.0,61798.97,62819.91,8906.86177,555669634.4773514,62386.69116309318
2024-10-07,62819.91,64478.19,62128.0,62224.0,25966.1852,1646315506.5791943,63402.28623876543
2024-10-08,62224.01,63200.0,61860.31,62160.49,19702.22371,1230076253.818657,62433.37157898188
2024-10-09,62160.5,62543.75,60301.0,60636.02,20011.15684,1234778807.5932417,61704.51900736998
2024-10-10,60636.01,61321.68,58946.0,60326.39,23967.92481,1445604381.9363792,60314.12370474552
2024-10-11,60326.4,63417.56,60087.64,62540.0,23641.35209,1462219576.849865,61850.082486118285
2024-10-12,62539.99,63480.0,62487.23,63206.22,10911.30116,686978508.9887543,62960.27384040734
2024-10-13,63206.23,63285.72,62050.0,62870.02,11909.21995,746564374.2082387,62687.93231988621
2024-10-14,62870.02,66500.0,62457.81,66083.99,37669.95222,2450094472.813545,65041.08257171411
2024-10-15,66084.0,67950.0,64800.01,67074.14,43683.95423,2894021862.319518,66249.08191878027
2024-10-16,67074.14,68424.0,66750.49,67620.01,29938.25544,2024560410.1062677,67624.5285622517
2024-10-17,67620.0,67939.4,66666.0,67421.78,25328.22861,1702164439.5654595,67204.24336715823
2024-10-18,67421.78,69000.0,67192.36,68428.0,28725.635,1959735899.8769643,68222.54407524724
2024-10-19,68427.99,68693.26,68010.0,68378.0,8193.66737,559628628.9613105,68300.1400582009
2024-10-20,68377.99,69400.0,68100.0,69031.99,12442.47378,854082429.8105861,68642.49384101061
2024-10-21,69032.0,69519.52,66840.67,67377.5,31374.42184,2130833593.5466976,67916.26645467128
2024-10-22,67377.5,67836.01,66571.42,67426.0,24598.96268,1654285791.6605556,67250.22567742501
2024-10-23,67426.01,67472.83,65260.0,66668.65,25530.2407,1695101430.9187467,66395.82645684757
2024-10-24,66668.65,68850.0,66510.0,68198.28,22589.83877,1526736320.912938,67585.09152975855
2024-10-25,68198.27,68771.49,65596.29,66698.33,34479.71125,2320667435.293254,67305.30364558242
2024-10-26,66698.32,67454.55,66439.9,67092.76,11842.9077,792887047.147892,66950.36955729141
2024-10-27,67092.76,68332.05,66913.73,68021.7,8653.19592,585006148.4704809,67605.79026280511
2024-10-28,68021.69,70270.0,67618.0,69962.21,29046.75459,2005105729.8174448,69030.2843852906
2024-10-29,69962.21,73620.12,69760.0,72736.42,50128.60594,3602465986.891757,71864.47576865843
2024-10-30,72736.41,72961.0,71436.0,72344.74,26885.99056,1941210537.2882867,72201.56285319646
2024-10-31,72344.75,72700.0,69685.76,70292.01,29352.10297,2091144977.4946847,71243.44649621828
2024-11-01,70292.01,71632.95,68820.14,69496.01,38301.86755,2677358022.00497,69901.50071690095
2024-11-02,69496.0,69914.37,69000.14,69374.74,10521.67243,731232427.6311548,69497.73740781196
2024-11-03,69374.74,69391.0,67478.73,68775.99,24995.70243,1709666206.4062023,68398.40613377803
2024-11-04,68775.99,69500.0,66835.0,67850.01,29800.39187,2033902307.002776,68250.85776976986
2024-11-05,67850.01,70577.91,67476.63,69372.01,33355.06888,2310418908.069922,69267.40029774814
2024-11-06,69372.01,76400.0,69298.0,75571.99,104126.994787,7702283270.258009,73970.09090691264
2024-11-07,75571.99,76849.99,74416.0,75857.89,44869.422345,3391796661.971956,75592.60816625865
2024-11-08,75857.89,77199.99,75555.0,76509.78,36521.099583,2784449097.5315185,76242.2032557759
2024-11-09,76509.78,76900.0,75714.66,76677.46,16942.07915,1294709001.60289,76419.72334917878
2024-11-10,76677.46,81500.0,76492.0,80370.01,61830.100435,4905441473.900737,79337.43337612187
2024-11-11,80370.01,89530.54,80216.01,88647.99,82323.665776,6944268709.942721,84353.24939049543
2024-11-12,88648.0,89940.0,85072.0,87952.01,97299.887911,8540084566.279819,87770.7544133187
2024-11-13,87952.0,93265.64,86127.99,90375.2,86763.854127,7790928962.043038,89794.63902835759
2024-11-14,90375.21,91790.0,86668.21,87325.59,56729.51086,5073860815.928665,89439.53048441047
2024-11-15,87325.59,91850.0,87073.38,91032.07,47927.95068,4276238971.181429,89222.23693085785
2024-11-16,91032.08,91779.66,90056.17,90586.92,22717.87689,2067958511.9048476,91027.80695211556
2024-11-17,90587.98,91449.99,88722.0,89855.99,23867.55609,2153871724.810395,90242.65897557988
2024-11-18,89855.98,92594.0,89376.9,90464.08,46545.03448,4239909950.661894,91092.63744307132
2024-11-19,90464.07,93905.51,90357.0,92310.79,43660.04682,4025108502.849614,92192.0335872332
2024-11-20,92310.8,94831.97,91500.0,94286.56,42203.198712,3950932314.646069,93616.89244475836
2024-11-21,94286.56,98988.0,94040.0,98317.12,69228.360477,6722807908.325656,97110.6041224131
2024-11-22,98317.12,99588.01,97122.11,98892.0,46189.309243,4555536773.363205,98627.51463540446
2024-11-23,98892.0,98908.85,97136.0,97672.4,24757.84367,2431609866.3295145,98215.73715145422
2024-11-24,97672.4,98564.0,95734.77,97900.04,31200.97838,3034172011.9517884,97246.05347301257
2024-11-25,97900.05,98871.8,92600.19,93010.01,50847.45096,4883444806.322193,96041.09378391136
2024-11-26,93010.01,94973.37,90791.1,91965.16,57858.73138,5370918648.818167,92828.1440106848
2024-11-27,91965.16,97208.21,91792.14,95863.11,41153.42734,3894358511.617565,94630.23527647612
2024-11-28,95863.11,96564.0,94640.0,95643.98,28814.54357,2749861591.2596097,95433.11295489696
2024-11-29,95643.99,98619.99,95364.99,97460.0,27701.78231,2690451030.634288,97121.94690314448
2024-11-30,97460.0,97463.95,96092.01,96407.99,14503.83306,1402672950.6998208,96710.50024481052
2024-12-01,96407.99,97836.0,95693.88,97185.18,16938.60452,1641327626.6062205,96898.63321788095
2024-12-02,97185.17,98130.0,94395.0,95840.62,37958.66981,3646639621.737588,96068.68839162802
2024-12-03,95840.61,96305.52,93578.17,95849.69,35827.32283,3413995542.0186563,95290.27770838483
2024-12-04,95849.69,99000.0,94587.83,98587.32,43850.53728,4241994533.786106,96737.5726025792
2024-12-05,98587.32,104088.0,90500.0,96945.63,109921.729662,11048002942.149933,100507.9066361274
2024-12-06,96945.63,101898.99,95981.72,99740.84,45049.5331,4456641685.364444,98927.58878258926
2024-12-07,99740.84,100439.18,98844.0,99831.99,14931.9459,1487953846.8385458,99649.0247690052
2024-12-08,99831.99,101351.0,98657.7,101109.59,14612.99688,1459576946.402151,99882.10894644022
2024-12-09,101109.6,101215.93,94150.05,97276.47,53949.11595,5283626995.705648,97937.23034502567
2024-12-10,97276.48,98270.0,94256.54,96593.0,51708.68933,4988660195.092428,96476.24528355896
2024-12-11,96593.0,101888.0,95658.24,101125.0,37753.78291,3745703763.01845,99213.9985534088
2024-12-12,101125.0,102540.0,99311.64,100004.29,29232.08745,2949462583.8661704,100898.11714305646
2024-12-13,100004.29,101895.26,99205.0,101424.25,21904.03923,2203903393.0741005,100616.30048834153
2024-12-14,101424.24,102650.0,100609.41,101420.0,14191.70326,1441594367.0463192,101580.0810258993
2024-12-15,101420.0,105250.0,101237.14,104463.99,22228.921775,2290462903.835791,103039.76625675948
2024-12-16,104463.99,107793.07,103333.0,106058.66,41302.40274,4364964400.634553,105683.06226909242
2024-12-17,106058.65,108353.0,105321.49,106133.74,29064.936466,3103833327.775107,106789.61336818864
2024-12-18,106133.74,106524.98,100000.0,100204.01,50307.99755,5194263316.259236,103249.25596763764
2024-12-19,100204.01,102800.11,95700.0,97461.86,55147.398,5487546517.707752,99506.89818054068
2024-12-20,97461.86,98233.0,92232.54,97805.44,62884.1357,6022845238.832326,95776.86282539344
2024-12-21,97805.44,99540.61,96398.39,97291.99,23483.54143,2296232055.195926,97780.4843464756
2024-12-22,97292.0,97448.08,94250.35,95186.27,19353.83036,1857819866.3604,95992.36077836531
2024-12-23,95186.28,96538.92,92520.0,94881.47,32810.76703,3100007213.494563,94481.40028729352
2024-12-24,94881.47,99487.99,93569.02,98663.58,23674.22488,2287214424.706476,96612.00889574704
2024-12-25,98663.58,99569.15,97632.02,99429.6,14474.1651,1426143976.0493636,98530.31012126312
2024-12-26,99429.61,99963.7,95199.14,95791.6,21192.36727,2049123567.3867724,96691.58434638496
2024-12-27,95791.6,97544.58,93500.01,94299.03,26501.26429,2528567849.7794614,95413.10263954436
2024-12-28,94299.03,95733.99,94135.66,95300.0,8385.8929,794651624.8349555,94760.52631616071
2024-12-29,95300.0,95340.0,93009.52,93738.2,13576.00578,1278370863.9768472,94163.98937161083
2024-12-30,93738.19,95024.5,91530.45,92792.05,27619.4225,2573126059.769478,93163.64452477156
2024-12-31,92792.05,96250.0,92033.73,93576.0,19612.03389,1845718801.922704,94111.54458915246
2025-01-01,93576.0,95151.15,92888.0,94591.79,10373.32613,975444194.1379983,94033.8886403062
2025-01-02,94591.78,97839.5,94392.0,96984.79,21970.48948,2118411852.6812797,96420.7854635963
2025-01-03,96984.79,98976.91,96100.01,98174.18,15253.82936,1486610768.5907917,97458.20105272188
2025-01-04,98174.17,98778.43,97514.79,98220.5,8990.05651,881223751.6353602,98022.0480989346
2025-01-05,98220.51,98836.85,97276.79,98363.61,8095.63723,793931715.9546324,98069.0825686408
2025-01-06,98363.61,102480.0,97920.0,102235.6,25263.43375,2540561688.7771435,100562.80210828996
2025-01-07,102235.6,102724.38,96181.81,96954.61,32059.87537,3170421659.717236,98890.64206044778
2025-01-08,96954.6,97268.65,92500.9,95060.61,33704.67894,3205849081.112962,95115.84687751847
2025-01-09,95060.61,95382.32,91203.67,92552.49,34544.83685,3217669887.245398,93144.74117267104
2025-01-10,92552.49,95836.0,92206.02,94726.11,31482.86424,2962085343.283704,94085.63721214028
2025-01-11,94726.1,95050.94,93831.73,94599.99,7047.9043,665685994.93301,94451.62229756864
2025-01-12,94599.99,95450.1,93711.19,94545.06,8606.86622,813278829.6583949,94491.8636900104
2025-01-13,94545.07,95940.0,89256.69,94536.1,42619.56423,3930666134.3474574,92226.80253451897
2025-01-14,94536.11,97371.0,94346.22,96560.86,27846.61753,2676048470.3569503,96099.5879472242
2025-01-15,96560.85,100681.94,96500.0,100497.35,30509.99179,3006242382.8867946,98533.0446359584
2025-01-16,100497.35,100866.66,97335.13,99987.3,27832.85317,2765162040.639799,99348.853089207
2025-01-17,99987.3,105865.22,99950.77,104077.48,39171.85292,4040993985.475047,103160.65450689552
2025-01-18,104077.47,104988.88,102277.55,104556.23,24307.82998,2521522119.379525,103732.91739551345
2025-01-19,104556.23,106422.43,99651.6,101331.57,43397.28298,4513423971.410253,104002.45502674214
2025-01-20,101331.57,109588.0,99550.0,102260.01,89529.231732,9398787064.320717,104980.09289809813
2025-01-21,102260.0,107240.81,100119.04,106143.82,45941.02002,4768512258.156502,103796.39494466108
2025-01-22,106143.82,106394.46,103339.12,103706.66,22248.69254,2331144640.658579,104776.7025620724
2025-01-23,103706.66,106850.0,101262.28,103910.34,53953.12031,5610760848.131639,103993.2596278719
2025-01-24,103910.35,107120.0,102750.0,104870.5,23609.24017,2483818574.373748,105205.35843122596
2025-01-25,104870.51,105286.52,104106.09,104746.85,9068.32377,949511531.3578016,104706.39948906472
2025-01-26,104746.86,105500.0,102520.44,102620.0,9812.51238,1024352365.4715524,104392.46604767618
2025-01-27,102620.01,103260.0,97777.77,102082.83,50758.1341,5092886322.829244,100336.35816469548
2025-01-28,102082.83,103800.0,100272.68,101335.52,22022.05765,2253977324.036209,102350.8956274215
2025-01-29,101335.52,104782.68,101328.01,103733.24,23155.35802,2380383694.772136,102800.55668826736
2025-01-30,103733.25,106457.44,103278.54,104722.94,19374.07472,2038112603.5126407,105197.93244157784
2025-01-31,104722.94,106012.0,101560.0,102429.56,21983.18193,2282174002.1952176,103814.543748136
2025-02-01,102429.56,102783.71,100279.51,100635.65,12290.95747,1250354228.2372296,101729.6033518233
2025-02-02,100635.66,101456.6,96150.0,97700.59,34619.49939,3412084312.583628,98559.60868022326
2025-02-03,97700.59,102500.01,91231.0,101328.52,75164.7385,7228589180.711621,96169.95049762091
2025-02-04,101328.51,101732.31,96150.0,97763.13,40267.98697,3989698644.2649302,99078.67128389832
2025-02-05,97763.14,99149.0,96155.0,96612.43,26233.30444,2562342153.829685,97675.1579157782
2025-02-06,96612.44,99120.0,95676.64,96554.35,23515.20405,2289071921.2175603,97344.33587522114
2025-02-07,96554.35,100137.99,95620.34,96506.8,31794.22065,3107592434.6738343,97740.79600450386
2025-02-08,96506.8,96880.0,95688.0,96444.74,10147.24294,977040267.5158632,96286.27926748572
2025-02-09,96444.75,97323.09,94713.0,96462.75,14120.91613,1359495152.3107977,96275.27986109478
2025-02-10,96462.75,98345.0,95256.0,97430.82,20572.87537,1999112052.6687863,97172.22394609716
2025-02-11,97430.82,98478.42,94876.88,95778.2,18647.76379,1806534846.3863196,96876.7551289494
2025-02-12,95778.21,98119.99,94088.23,97869.99,29151.16625,2800142168.3943653,96055.92257889047
2025-02-13,97870.0,98083.91,95217.36,96608.14,19921.77616,1916988246.3921187,96225.76978056552
2025-02-14,96608.13,98826.0,96252.82,97500.48,18173.02646,1768073218.8690157,97291.07161983494
2025-02-15,97500.47,97972.26,97223.58,97569.66,7349.37683,717245393.778092,97592.68171558596
2025-02-16,97569.67,97704.47,96046.18,96118.12,8191.4249,794694242.2949733,97015.38523474388
2025-02-17,96118.12,97046.59,95205.0,95780.0,16492.0451,1584593526.1754675,96082.29401309774
2025-02-18,95780.01,96753.91,93388.09,95671.74,23368.19471,2223994802.892005,95171.8705912822
2025-02-19,95671.74,96899.99,95029.99,96644.37,16438.50954,1576817572.1032505,95922.1739821584
2025-02-20,96644.37,98711.36,96415.09,98305.0,17057.39177,1663386824.7315507,97517.0675071826
2025-02-21,98305.01,99475.0,94871.95,96181.98,32249.2814,3143975917.5734644,97489.79763541224
2025-02-22,96181.99,96980.0,95770.49,96551.01,11268.17708,1087077133.8226364,96473.20290627136
2025-02-23,96551.01,96650.0,95227.94,96258.0,10884.84913,1044392011.791024,95949.1490711203
2025-02-24,96258.0,96500.0,91349.26,91552.88,31550.10299,2981809595.445377,94510.2967299498
2025-02-25,91552.88,92540.69,86050.99,88680.4,78333.11111,6962982500.904474,88889.3904791633
2025-02-26,88680.39,89414.15,82256.01,84250.09,56893.54409,4898429925.6364765,86098.16814870315
2025-02-27,84250.09,87078.46,82716.49,84708.58,42505.45439,3618738891.222162,85135.87122300052
2025-02-28,84708.57,85120.0,78258.52,84349.94,83648.03969,6806705236.690679,81373.15903536242
2025-03-01,84349.95,86558.0,83824.78,86064.53,25785.05464,2194003507.852643,85088.18532612748
2025-03-02,86064.54,95000.0,85050.6,94270.0,54889.09045,4972549515.788669,90592.6747013289
2025-03-03,94269.99,94416.46,85117.11,86220.61,59171.10218,5321123743.471923,89927.74424388663
2025-03-04,86221.16,88967.52,81500.0,87281.98,55609.10706,4704901219.590436,84606.66729487377
2025-03-05,87281.98,91000.0,86334.53,90606.01,38264.01163,3400243670.3049755,88862.70742294815
2025-03-06,90606.0,92810.64,87836.0,89931.89,34342.44902,3105145628.3993998,90417.12856852628
2025-03-07,89931.88,91283.02,84667.03,86801.75,57980.35713,5097554826.613157,87918.65174586167
2025-03-08,86801.74,86897.25,85218.47,86222.45,12989.23054,1119358968.6520054,86175.9259106972
2025-03-09,86222.46,86500.0,80000.0,80734.37,26115.39345,2173552660.454479,83228.79242144748
2025-03-10,80734.48,84123.46,77459.91,78595.86,47633.38405,3834924947.758186,80509.1854009937
2025-03-11,78595.86,83617.4,76606.0,82932.99,48770.06853,3927000827.110792,80520.71578893047
2025-03-12,82932.99,84539.85,80607.65,83680.12,31933.986,2638600996.825396,82626.73494080557
2025-03-13,83680.12,84336.33,79939.9,81115.78,27546.27412,2260870111.2393894,82075.35078574864
2025-03-14,81115.78,85309.71,80818.84,83983.2,26858.52755,2244729595.541172,83576.0482908964
2025-03-15,83983.19,84676.28,83618.0,84338.44,11324.7332,953445671.8337504,84191.44672068304
2025-03-16,84338.44,85117.04,81981.12,82574.53,17596.12531,1468056556.296723,83430.67183446437
2025-03-17,82574.52,84756.83,82456.0,84010.03,17214.74358,1437716814.0468738,83516.59769810372
2025-03-18,84010.02,84021.74,81134.66,82715.03,17610.89883,1450813055.479726,82381.54505823858
2025-03-19,82715.03,87000.0,82547.16,86845.94,28151.05374,2375813941.9437623,84395.2046657477
2025-03-20,86845.93,87453.67,83655.23,84223.39,22090.30463,1885241921.155652,85342.50444855237
2025-03-21,84223.38,84850.33,83175.25,84088.79,11956.97443,1005135519.2560016,84062.69705939328
2025-03-22,84088.79,84539.17,83625.1,83840.59,5420.22114,456235443.8016522,84172.84682994544
2025-03-23,83840.59,86129.64,83809.75,86082.5,8461.97813,718692319.1499038,84931.95185673493
2025-03-24,86082.5,88765.43,85519.09,87498.16,30115.62111,2636765917.9518437,87554.75798824869
2025-03-25,87498.16,88539.63,86310.0,87392.87,22643.25248,1979571590.8982935,87424.34827535403
2025-03-26,87392.88,88275.0,85860.0,86909.17,18408.78485,1606406955.5864632,87263.0631883594
2025-03-27,86909.17,87756.39,85800.0,87232.01,17098.03897,1487968807.7079022,87025.69986643924
2025-03-28,87232.01,87515.67,83585.0,84424.38,27182.73169,2309946560.664114,84978.45569780974
2025-03-29,84424.38,84624.73,81644.81,82648.54,11696.39864,970199917.9868716,82948.60220212807
2025-03-30,82648.53,83534.64,81565.0,82389.99,9864.49508,816584795.5288126,82780.19188071942
2025-03-31,82390.0,83943.08,81278.52,82550.01,20569.13885,1696009191.0809648,82454.06885767436
2025-04-01,82550.0,85579.46,82432.74,85158.34,20190.39697,1698895702.5754683,84143.7493824307
2025-04-02,85158.35,88500.0,82320.0,82516.29,39931.457,3417279759.830764,85578.63941280088
2025-04-03,82516.28,83998.02,81211.24,83213.09,27337.84135,2259299724.8643928,82643.67679726816
2025-04-04,83213.09,84720.0,81659.0,83889.87,32915.53976,2739842666.426737,83238.57625923789
2025-04-05,83889.87,84266.0,82379.95,83537.99,9360.40468,779626577.9013436,83289.83677032044
2025-04-06,83537.99,83817.63,77153.83,78430.0,27942.71436,2239085051.1529646,80131.26506987507
2025-04-07,78430.0,81243.58,74508.0,79163.24,78387.53089,6084614024.150647,77622.21816489018
2025-04-08,79163.24,80867.99,76239.9,76322.42,35317.32063,2775277777.102461,78581.20966133043
2025-04-09,76322.42,83588.0,74620.0,82615.22,75488.28772,5980231256.222496,79220.65047235246
2025-04-10,82615.22,82753.21,78464.36,79607.3,33284.80718,2690294353.8478427,80826.49658443485
2025-04-11,79607.3,84300.0,78969.58,83423.84,34435.43797,2830363945.1787524,82193.34824910758
2025-04-12,83423.83,85905.0,82792.95,85276.9,18470.74437,1557403252.9267516,84317.29776176592
2025-04-13,85276.91,86100.0,83034.23,83760.0,24680.04181,2086106375.4392557,84526.04705855867
2025-04-14,83760.0,85799.99,83678.0,84591.58,28659.09348,2429132805.0815287,84759.58274035151
2025-04-15,84591.58,86496.42,83600.0,83643.99,20910.99528,1780972414.3956008,85169.18446722545
2025-04-16,83643.99,85500.0,83111.64,84030.38,20867.24519,1753910031.2009242,84050.86609330842
2025-04-17,84030.38,85470.01,83736.26,84947.91,13728.84772,1161659427.386263,84614.48849009907
2025-04-18,84947.92,85132.08,84303.96,84474.69,6529.96315,552648483.647487,84632.71092846627
2025-04-19,84474.7,85677.99,84364.45,85077.01,9666.58153,823222752.2842493,85161.72441409588
2025-04-20,85077.0,85320.76,83949.52,85179.24,8091.67725,685253644.8918362,84686.23052060512
2025-04-21,85179.24,88465.99,85144.76,87516.23,31773.37262,2773299591.467066,87283.76507696859
2025-04-22,87516.22,93888.0,87076.03,93442.99,43872.74705,3967785064.12817,90438.491567584
2025-04-23,93442.99,94696.05,91935.41,93691.08,27404.16808,2560279933.947952,93426.66146528584
2025-04-24,93691.07,94005.0,91660.01,93980.47,19497.06071,1811120137.314679,92891.9576265031
2025-04-25,93980.47,95758.04,92855.96,94638.68,27500.66648,2596877713.640173,94429.62829750928
2025-04-26,94638.68,95199.0,93870.69,94628.0,9415.06875,889627361.8414447,94489.73613086413
2025-04-27,94628.0,95369.0,93602.58,93749.3,11162.841,1052334792.1866188,94271.23365697128
2025-04-28,93749.29,95630.0,92800.01,95011.18,22157.53351,2092532996.555172,94438.89571963336
2025-04-29,95011.18,95461.53,93742.54,94256.82,16955.3402,1607154803.4675477,94787.52915070072
2025-04-30,94256.82,95228.45,92910.0,94172.0,17661.2751,1664825670.9831252,94264.1831666574
2025-05-01,94172.0,97424.02,94130.43,96489.91,21380.45343,2053857614.2732675,96062.3974134896
2025-05-02,96489.9,97895.68,96350.0,96887.14,14905.74811,1446387651.5840576,97035.56244947558
2025-05-03,96887.13,96935.67,95753.01,95856.42,9723.34838,935906144.9651498,96253.48268814676
2025-05-04,95856.42,96304.48,94151.38,94277.62,11036.38342,1053542403.8531588,95460.83746455764
2025-05-05,94277.61,95199.0,93514.1,94733.68,17251.18189,1626999380.1759968,94312.34280354554
2025-05-06,94733.68,96920.65,93377.0,96834.02,16122.64513,1526847764.5636685,94702.06360385656
2025-05-07,96834.02,97732.0,95784.61,97030.5,16644.83854,1611730124.5924542,96830.62534486166
2025-05-08,97030.5,104145.76,96876.29,103261.6,34962.02847,3508645830.5650144,100355.89993228488
2025-05-09,103261.61,104361.3,102315.14,102971.99,27617.39907,2847518447.981513,103105.96015084896
2025-05-10,102971.99,104984.57,102818.76,104809.53,15324.78611,1588386278.502415,103648.1858279205
2025-05-11,104809.53,104972.0,103345.06,104118.0,17987.12197,1873381777.2124252,104151.28002895426
2025-05-12,104118.0,105819.45,100718.37,102791.32,31272.77792,3242348937.383069,103679.59461987791
2025-05-13,102791.32,104976.25,101429.7,104103.72,21253.42409,2197244118.152367,103383.06471690828
2025-05-14,104103.72,104356.95,102602.05,103507.82,16452.9081,1704708279.3884108,103611.36578574889
2025-05-15,103507.83,104192.7,101383.07,103763.71,17998.98604,1850183474.529204,102793.76129396696
2025-05-16,103763.71,104550.33,103100.49,103463.9,15683.88024,1628832372.3241482,103853.91544689253
2025-05-17,103463.9,103709.86,102612.5,103126.65,11250.89622,1160418362.950618,103140.0823774213
2025-05-18,103126.65,106660.0,103105.09,106454.26,21599.98726,2262214972.0749383,104732.2364057236
2025-05-19,106454.27,107108.62,102000.0,105573.74,30260.03524,3150324504.595452,104108.42154047178
2025-05-20,105573.73,107320.0,104184.72,106849.99,23705.48275,2509102444.669598,105844.8153589953
2025-05-21,106850.0,110797.38,106100.01,109643.99,45531.040345,4914709514.320026,107941.955138298
2025-05-22,109643.99,111980.0,109177.37,111696.21,31630.77313,3509432834.573417,110949.95434192909
2025-05-23,111696.22,111800.0,106800.0,107318.3,31737.72309,3469704446.3904047,109324.30270915203
2025-05-24,107318.3,109506.03,106875.41,107761.91,16782.53129,1819958819.7748587,108443.6422805477
2025-05-25,107761.9,109299.99,106600.64,109004.19,17710.04695,1904366455.425858,107530.28836131108
2025-05-26,109004.2,110422.22,108670.58,109434.79,14649.11593,1605578282.107903,109602.4012493362
2025-05-27,109434.78,110718.0,107516.57,108938.17,21276.65635,2327603851.119265,109397.06939052316
2025-05-28,108938.17,109284.7,106769.43,107781.78,15633.78829,1689136748.5130312,108043.98250636866
2025-05-29,107781.78,108891.91,105322.86,105589.75,19834.70116,2128639017.5081615,107318.93565409088
2025-05-30,105589.75,106313.12,103621.0,103985.48,23706.49799,2493078549.591861,105164.354121115
2025-05-31,103985.47,104900.0,103068.55,104591.88,11289.35922,1174000801.507038,103991.80136169304
2025-06-01,104591.88,105866.91,103752.49,105642.93,9709.70006,1016188486.9505996,104657.0419962694
2025-06-02,105642.93,105935.63,103659.88,105857.99,13453.98813,1409004206.9863732,104727.62376269267
2025-06-03,105858.0,106794.67,104872.5,105376.89,13259.52634,1402493746.5993218,105772.5374675278
2025-06-04,105376.9,106000.0,104179.0,104696.86,14034.89482,1476928482.368878,105232.60069353896
2025-06-05,104696.86,105909.71,100372.26,101508.68,22321.50154,2301567892.5305448,103109.9045199154
2025-06-06,101508.69,105333.0,101095.8,104288.44,15839.07385,1642382404.9355752,103691.82065121662
2025-06-07,104288.43,105900.0,103871.09,105552.15,8344.93206,877915380.9548231,105203.4186309269
2025-06-08,105552.15,106488.14,104964.14,105734.0,8048.06305,850887129.4282976,105725.70370560128
2025-06-09,105734.01,110530.17,105318.37,110263.02,19975.37451,2154922022.221173,107878.92968626865
2025-06-10,110263.02,110400.0,108331.03,110274.39,17071.82839,1867620550.192173,109397.80482365622
2025-06-11,110274.39,110392.01,108064.0,108645.12,13115.91638,1434884639.7506304,109400.25829522942
2025-06-12,108645.13,108813.55,105671.72,105671.73,17778.67218,1908309274.0868344,107336.9965296719
2025-06-13,105671.74,106179.53,102664.31,106066.59,26180.81734,2735461890.6929703,104483.44126039308
2025-06-14,106066.59,106252.0,104300.0,105414.64,8798.93969,925568614.1784064,105190.92604195431
2025-06-15,105414.63,106128.57,104494.53,105594.01,7164.20047,754596887.8748004,105328.83481341226
2025-06-16,105594.02,108952.38,104980.37,106794.53,14922.6654,1599849840.7325244,107209.38906346612
2025-06-17,106794.53,107771.34,103371.02,104551.17,17866.33025,1883173484.8991,105403.48569338128
2025-06-18,104551.17,105550.27,103500.0,104886.78,13968.64167,1461383024.362209,104618.83545203783
2025-06-19,104886.79,105226.17,103929.27,104658.59,7678.60737,803402575.962045,104628.68294332974
2025-06-20,104658.59,106524.65,102345.0,103297.99,16419.06283,1714411911.0114017,104415.94193055424
2025-06-21,103297.98,103982.64,100837.9,102120.01,11154.21332,1144829784.7306418,102636.53310968252
2025-06-22,102120.02,103399.62,98200.0,100963.87,28746.41072,2892695407.808688,100628.0553069579
2025-06-23,100963.87,106074.2,99613.33,105333.93,27666.50609,2836166831.044449,102512.649115082
2025-06-24,105333.94,106290.0,104622.02,106083.0,14651.69335,1543451113.4563613,105342.8485422377
2025-06-25,106083.0,108135.3,105808.03,107340.58,16701.15551,1789545470.94629,107150.99741899777
2025-06-26,107340.59,108272.45,106562.5,106947.06,10573.27279,1136093974.6816013,107449.6040389781
2025-06-27,106947.06,107735.34,106356.76,107047.59,12232.44042,1308420348.9100094,106963.14913340974
2025-06-28,107047.58,107577.75,106811.51,107296.79,3282.17352,352025390.6031135,107253.7416008138
2025-06-29,107296.79,108528.5,107172.52,108356.93,6831.7364,736708189.9495684,107836.15567333196
2025-06-30,108356.93,108789.99,106733.33,107146.5,9754.12491,1050407152.345058,107688.5073788806
2025-07-01,107146.51,107540.0,105250.85,105681.14,10505.62437,1117432945.8926363,106365.21034233746
2025-07-02,105681.13,109730.0,105100.19,108849.6,17691.89592,1915699005.8772895,108281.15960775389
2025-07-03,108849.59,110529.18,108530.4,109584.78,13047.08225,1429459048.6383262,109561.5878897618
2025-07-04,109584.77,109767.59,107245.0,107984.24,11793.86615,1276215111.6683652,108210.0725442238
2025-07-05,107984.25,108420.56,107756.31,108198.12,3736.9757,403928702.1967476,108089.7320784686
2025-07-06,108198.12,109700.0,107800.01,109203.84,6447.607,700733299.5112199,108681.14317625437
2025-07-07,109203.85,109700.0,107513.2,108262.94,9405.37601,1020848316.053704,108538.8096093464
2025-07-08,108262.94,109216.56,107429.57,108922.98,9216.0208,1000112813.4398944,108518.9405648796
2025-07-09,108922.99,111999.79,108324.53,111233.99,17282.2865,1902054744.194924,110058.0495639234
2025-07-10,111234.0,116868.0,110500.0,116010.0,24883.450665,2826460280.445224,113587.95524371552
2025-07-11,116010.01,118869.98,115222.22,117527.66,25873.521148,3039521803.027247,117476.1558599147
2025-07-12,117527.66,118200.0,116900.05,117420.0,8446.60437,993093353.4068904,117573.08735023544
2025-07-13,117420.0,119488.0,117224.79,119086.64,9550.792947,1132096857.0116916,118534.33147320972
2025-07-14,119086.65,123218.0,118905.18,119841.18,27269.348877,3299746181.0770736,121005.68282582665
2025-07-15,119841.17,119940.83,115736.92,117758.09,32018.46083,3755258445.553272,117284.1650787519
2025-07-16,117758.08,120063.84,117017.29,118630.43,17039.90851,2023850383.7234876,118771.20012327384
2025-07-17,118630.44,120998.71,117453.57,119177.56,15728.57651,1869114355.1231644,118835.57001708378
2025-07-18,119177.56,120820.71,116812.76,117924.84,19924.66266,2367355518.470308,118815.3374974283
2025-07-19,117924.84,118499.9,117277.34,117840.0,6635.80306,783327898.4969696,118045.68209969896
2025-07-20,117840.01,118856.8,116467.02,117265.12,12962.92889,1528864683.816082,117941.2999014054
2025-07-21,117265.11,119676.73,116515.0,117380.36,17107.33128,2020783266.9633648,118123.8168530612
2025-07-22,117380.36,120247.8,116128.0,119954.42,20959.12973,2481252763.651911,118385.2953636883
2025-07-23,119954.43,120090.0,117301.0,118755.99,14558.75083,1722126986.886661,118288.10088143124
2025-07-24,118756.0,119450.0,117103.1,118340.99,15806.89043,1873181653.2018075,118504.12081345764
2025-07-25,118340.98,118451.57,114723.16,117614.31,38406.34873,4456778786.620494,116042.76204312051
2025-07-26,117614.31,118297.35,117138.38,117919.99,6991.67206,823629079.7493103,117801.44616069282
2025-07-27,117919.99,119766.65,117825.5,119415.55,9328.30919,1107883542.1607983,118765.73981364764
2025-07-28,119415.56,119800.0,117427.5,118062.32,13961.74754,1655882235.896518,118601.35926054124
2025-07-29,118062.32,119273.36,116950.75,117950.76,15137.93445,1788682083.6856463,118158.92647663342
2025-07-30,117950.75,118792.0,115796.23,117840.3,15586.73631,1832696878.222986,117580.54038850844
2025-07-31,117840.29,118922.45,115500.0,115764.08,17010.0073,2002870016.7022424,117746.57008537806
2025-08-01,115764.07,116052.0,112722.58,113297.93,24487.10206,2810268577.15137,114765.25765545692
2025-08-02,113297.92,114063.49,112003.0,112546.35,11507.33428,1301882737.326722,113135.04115279096
2025-08-03,112546.35,114799.97,111920.0,114208.8,7397.76046,841090034.1542541,113695.22421036244
2025-08-04,114208.81,115720.0,114107.6,115055.03,9667.67916,1109938874.0629709,114809.23763537173
2025-08-05,115055.03,115127.81,112650.0,114129.75,12042.79078,1371861747.1466167,113915.60081114492
2025-08-06,114129.75,115716.0,113355.13,114992.27,9761.15318,1118028732.8589184,114538.5911113136
2025-08-07,114992.27,117621.0,114259.0,117472.01,13468.56263,1564454297.836927,116155.9953214493
2025-08-08,117472.02,117630.0,115878.71,116674.74,10045.31278,1172199778.7242546,116691.21752565824
2025-08-09,116674.74,117944.05,116299.13,116462.25,9514.13144,1111837601.7023723,116861.70290100304
2025-08-10,116462.25,119311.11,116460.63,119294.01,14322.77073,1694198747.8718708,118287.08144599832
2025-08-11,119294.27,122335.16,118050.11,118686.0,26494.33429,3194611530.541069,120577.15795285488
2025-08-12,118686.0,120324.43,118207.47,120134.08,16720.10893,1992762473.5852575,119183.5819926837
2025-08-13,120134.09,123667.79,118920.92,123306.43,23210.07102,2811581348.3874574,121136.266492452
2025-08-14,123306.44,124474.0,117180.0,118295.09,27980.947586,3359128391.108524,120050.55871621844
2025-08-15,118295.09,119216.82,116803.99,117342.05,13623.33874,1607609329.685101,118004.06349472456
2025-08-16,117342.04,117898.99,117143.98,117380.66,6393.68117,751719391.7723638,117572.23605386064
2025-08-17,117380.66,118575.0,117172.21,117405.01,5898.64192,695629197.9038073,117930.39946113684
2025-08-18,117405.01,117543.75,114640.14,116227.05,17745.93954,2053814085.4717772,115734.3109866009
2025-08-19,116227.05,116725.69,112732.58,112872.94,18065.47424,2065010895.8584664,114307.04051411974
2025-08-20,112872.95,114615.38,112380.0,114271.24,15636.34194,1776149566.1247735,113591.11823853946
2025-08-21,114271.23,114821.76,112015.67,112500.0,10839.69235,1227373788.615563,113229.57783165894
2025-08-22,112500.0,117429.05,111684.79,116935.99,23128.09037,2656625122.2777867,114865.7359850063
2025-08-23,116936.0,117030.0,114560.0,115438.05,11329.36197,1308825428.0143583,115525.0782418384
2025-08-24,115438.06,115666.68,110680.0,113493.59,21175.98462,2411284606.189177,113868.83063334868
2025-08-25,113493.59,113667.28,109274.1,110111.98,25182.79379,2805570653.631023,111408.23679162656
2025-08-26,110111.98,112371.0,108666.66,111763.22,18452.43877,2033437347.4999392,110198.83999322107
2025-08-27,111763.22,112625.0,110345.42,111262.01,13392.60875,1493774927.190832,111537.26320802377
2025-08-28,111262.01,113485.9,110862.42,112566.9,11104.27744,1250788481.9453218,112640.24054727884
2025-08-29,112566.9,112638.64,107463.9,108377.4,22580.31045,2475492492.57753,109630.5782889504
2025-08-30,108377.4,108926.15,107350.1,108816.33,10708.39159,1160666772.7387524,108388.52529661296
2025-08-31,108816.33,109480.02,108076.93,108246.35,9489.51596,1031806894.3513318,108731.24600881452
2025-09-01,108246.36,109912.4,107255.0,109237.42,16053.60219,1742516638.781135,108543.65382658926
2025-09-02,109237.43,111771.52,108393.39,111240.01,18510.28756,2042681451.9016385,110353.84757154137
2025-09-03,111240.01,112575.27,110528.71,111705.71,11773.72084,1313762617.3436644,111584.31860217814
2025-09-04,111705.72,112180.0,109329.12,110730.87,12203.13536,1349031325.5320847,110547.92770340004
2025-09-05,110730.87,113384.62,110206.96,110659.99,21587.40888,2413132200.623325,111784.2448826274
2025-09-06,110660.0,111307.7,109977.0,110187.97,5000.29897,552785936.5434699,110550.57704749
2025-09-07,110187.98,111600.0,110180.0,111137.34,5681.29944,630447950.1588689,110968.97053517548
2025-09-08,111137.35,112924.37,110621.78,112065.23,11582.40211,1295903862.4649603,111885.58730369966
2025-09-09,112065.23,113293.29,110766.66,111546.39,15379.28248,1721465997.906366,111934.09056274556
2025-09-10,111546.38,114313.13,110917.45,113960.0,17517.41823,1978834750.2223115,112963.83543742743
2025-09-11,113960.0,115488.09,113430.0,115482.69,13676.73119,1562241144.956541,114226.20824037275
2025-09-12,115482.69,116665.63,114740.99,116029.42,15324.10719,1772122269.5018637,115642.77432477706
2025-09-13,116029.41,116298.78,115127.27,115918.29,8269.40394,957724220.6497612,115815.38737237704
2025-09-14,115918.29,116165.19,115135.0,115268.01,6707.60197,775762364.9685991,115654.2037583961
2025-09-15,115268.01,116757.99,114384.0,115349.71,13212.51149,1522648235.2235153,115242.90717748432
2025-09-16,115349.71,116964.27,114737.11,116788.96,10926.9094,1265779287.5169268,115840.55849469446
2025-09-17,116788.96,117286.73,114720.81,116447.59,16754.2454,1946083704.6217456,116154.66158933936
2025-09-18,116447.6,117900.0,116092.76,117073.53,11657.23365,1367513347.486509,117310.2803413835
2025-09-19,117073.53,117459.99,115100.0,115632.38,8992.09065,1045792401.4532388,116301.36329344488
2025-09-20,115632.39,116121.81,115408.47,115685.63,4674.92752,541264273.2416894,115780.24919660988
2025-09-21,115685.63,115819.06,115188.0,115232.29,4511.52219,521299751.1504096,115548.52867750375
2025-09-22,115232.29,115379.25,111800.0,112650.99,20781.71356,2348872511.698875,113025.93046128364
2025-09-23,112650.99,113290.5,111458.73,111998.8,12301.3203,1383869800.273703,112497.66419574516
2025-09-24,111998.8,113940.0,111042.66,113307.0,12369.25967,1394470628.502582,112736.78988926765
2025-09-25,113307.01,113510.23,108631.51,108994.49,21231.14957,2356639689.925215,110999.15631771486
2025-09-26,108994.49,110300.0,108620.07,109643.46,14243.01591,1557098915.9392595,109323.68016566087
2025-09-27,109643.46,109743.91,109064.4,109635.85,5501.78643,601947588.9970765,109409.47938560322
2025-09-28,109635.85,112350.0,109189.99,112163.95,7542.3316,832254944.3203353,110344.51791012943
2025-09-29,112163.96,114400.0,111560.65,114311.96,15541.12005,1755247635.871136,112942.15797986426
2025-09-30,114311.97,114792.0,112656.27,114048.93,15044.15633,1710713267.1300955,113712.80845564677
2025-10-01,114048.94,118649.1,113966.67,118594.99,20036.39516,2332096981.265933,116393.04189416544
2025-10-02,118594.99,121022.07,118279.31,120529.35,19670.83503,2349861127.3445807,119459.14465556784
2025-10-03,120529.35,123894.99,119248.3,122232.0,23936.328,2907381076.6813188,121463.11985202236
2025-10-04,122232.21,122800.0,121510.0,122391.0,8208.16678,1002272903.3446472,122106.79073758384
2025-10-05,122390.99,125708.42,122136.0,123482.31,22043.097553,2730817470.939564,123885.37792266444
2025-10-06,123482.32,126199.63,123084.0,124658.54,19494.628793,2428828952.2653184,124589.64866966051
2025-10-07,124658.54,125126.0,120574.94,121332.95,21633.99385,2657405799.8705487,122834.7302997199
2025-10-08,121332.96,124197.25,121066.14,123306.0,17012.618,2084842842.441617,122546.85565981774
2025-10-09,123306.01,123762.94,119651.47,121662.4,21559.36007,2621438087.566733,121591.64646145886
2025-10-10,121662.41,122550.0,102000.0,112774.5,64171.93927,7349750905.041158,114532.16138782208
2025-10-11,112774.49,113322.39,109561.59,110644.4,35448.51652,3961069473.231136,111741.47360994098
2025-10-12,110644.4,115770.0,109565.06,114958.8,32255.30272,3638546528.740156,112804.60023350094
2025-10-13,114958.81,115963.81,113616.5,115166.0,22557.24033,2591831660.985749,114900.21044545696
2025-10-14,115166.0,115409.96,109866.0,113028.14,31870.32974,3578140778.808499,112271.8468242776
2025-10-15,113028.13,113612.35,110164.0,110763.28,22986.48811,2569639641.3527684,111789.13581996362
2025-10-16,110763.28,111982.45,107427.0,108194.28,29857.17252,3277596494.7619195,109775.85009318624
2025-10-17,108194.27,109240.0,103528.23,106431.68,37920.66838,4022645635.221202,106080.55730744483
2025-10-18,106431.68,107499.0,106322.2,107185.01,11123.18766,1189002999.143113,106894.08787184958
2025-10-19,107185.0,109450.07,106103.36,108642.78,15480.66423,1670074079.5802343,107881.29338428486
2025-10-20,108642.77,111705.56,107402.52,110532.09,19193.4416,2119912185.593468,110449.82081762076
2025-10-21,110532.09,114000.0,107473.72,108297.67,37228.01659,4114477849.932054,110521.00613485984
2025-10-22,108297.66,109163.88,106666.69,107567.44,28610.78451,3090291706.4439816,108011.42853541354
2025-10-23,107567.45,111293.61,107500.0,110078.18,17573.09294,1924582289.411394,109518.6997520878
2025-10-24,110078.19,112104.98,109700.01,111004.89,15005.16913,1662806764.9533324,110815.59631533008
2025-10-25,111004.9,111943.19,110672.86,111646.27,6407.96864,714201332.9751225,111455.18542598898
2025-10-26,111646.27,115466.8,111260.45,114559.4,13454.47737,1525108635.874829,113353.24248829063
2025-10-27,114559.41,116400.0,113830.01,114107.65,21450.23241,2470872744.5489683,115190.9544531116
2025-10-28,114107.65,116086.0,112211.0,112898.45,15523.42257,1772753529.8642745,114198.626100035
2025-10-29,112898.44,113643.73,109200.0,110021.29,21079.71376,2356715986.533545,111800.18919448295
2025-10-30,110021.3,111592.0,106304.34,108322.88,25988.82838,2827221287.4227977,108786.02321290168
2025-10-31,108322.87,111190.0,108275.28,109608.01,21518.20439,2361590437.9414105,109748.48993621864
2025-11-01,109608.01,110564.49,109394.81,110098.1,7378.50431,812389216.4346797,110102.15381099096
2025-11-02,110098.1,111250.01,109471.34,110540.68,12107.00087,1336870531.1415012,110421.27984430394
2025-11-03,110540.69,110750.0,105306.56,106583.04,28681.18779,3076006652.0015674,107248.23094927924
2025-11-04,106583.05,107299.0,98944.36,101497.22,50534.87376,5197697635.212413,102853.67803424808
2025-11-05,101497.23,104534.74,98966.8,103885.16,33778.77571,3454273922.700385,102261.66727759076
2025-11-06,103885.16,104200.0,100300.95,101346.04,25814.62139,2641767846.305827,102336.10659613193
2025-11-07,101346.04,104096.36,99260.86,103339.08,32059.50942,3251112979.305884,101408.69396079124
2025-11-08,103339.09,103406.22,101454.0,102312.94,12390.77985,1267165565.37527,102266.81296216154
2025-11-09,102312.95,105495.62,101400.0,104722.96,16338.97096,1687020822.3668208,103251.35080396892
2025-11-10,104722.95,106670.11,104265.02,106011.13,22682.25673,2400141664.389342,105815.82304440047
2025-11-11,106011.13,107500.0,102476.09,103058.99,24196.50718,2532279071.0069213,104654.73599842608
2025-11-12,103059.0,105333.33,100813.59,101654.37,20457.63906,2108514405.260877,103067.3382728494
2025-11-13,101654.37,104085.01,98000.4,99692.02,36198.50771,3654698026.540381,100962.67105317034
2025-11-14,99692.03,99866.02,94012.45,94594.0,47288.14481,4566085156.747207,96558.77123311504
2025-11-15,94594.0,96846.68,94558.49,95596.24,15110.89391,1449074019.0674856,95895.98257377252
2025-11-16,95596.23,96635.11,93005.55,94261.44,23889.4051,2261295524.8173394,94656.83701003253
2025-11-17,94261.45,96043.0,91220.0,92215.14,39218.59806,3674562070.238606,93694.37593401334
2025-11-18,92215.14,93836.01,89253.78,92960.83,39835.14769,3641033186.3004575,91402.52760289086
2025-11-19,92960.83,92980.22,88608.0,91554.96,32286.6376,2925773651.255958,90618.71624736662
2025-11-20,91554.96,93160.0,86100.0,86637.23,39733.19073,3548950335.0984216,89319.5404118108
2025-11-21,86637.22,87498.94,80600.0,85129.43,72256.12679,6061348756.341564,83886.98682892084
2025-11-22,85129.42,85620.0,83500.0,84739.74,14193.93263,1197657354.9690385,84378.12029892934
2025-11-23,84739.75,88127.64,84667.57,86830.0,19734.46418,1708685030.2798696,86583.80661845107
2025-11-24,86830.0,89228.0,85272.0,88300.01,24663.12795,2150393686.920318,87190.63094023798
2025-11-25,88300.01,88519.99,86116.0,87369.96,19567.0411,1708989000.038937,87340.18553469166
2025-11-26,87369.97,90656.08,86306.77,90484.02,21675.82239,1916851896.6699688,88432.7183615555
2025-11-27,90484.01,91950.0,90089.91,91333.95,16833.50932,1535778106.5787077,91233.3891516037
2025-11-28,91333.94,93092.0,90180.63,90890.7,18830.86012,1721418035.0795596,91414.73220605918
2025-11-29,90890.71,91165.65,90155.47,90802.44,7429.88291,673725652.9787655,90677.82913132952
2025-11-30,90802.44,92000.01,90336.9,90360.0,9687.74175,884051773.1655338,91254.67998417008
2025-12-01,90360.01,90417.0,83822.76,86286.01,34509.01227,2977024047.2231607,86268.01671200544
2025-12-02,86286.01,92307.65,86184.39,91277.88,28210.22732,2519515177.662365,89312.11893766352
2025-12-03,91277.88,94150.0,90990.23,93429.95,25712.52585,2386223626.86139,92803.93691315978
2025-12-04,93429.95,94080.0,90889.0,92078.06,19803.94059,1836645629.33462,92741.42289954323
2025-12-05,92078.06,92692.36,88056.0,89330.04,19792.97218,1788436983.8106546,90357.17160345418
2025-12-06,89330.04,90289.97,88908.01,89236.79,8409.50016,753420679.8063259,89591.61251818395
2025-12-07,89236.8,91760.0,87719.28,90395.31,13021.11185,1167866486.8455212,89690.22770859013
2025-12-08,90395.32,92287.15,89612.0,90634.34,15793.63887,1436920018.893613,90980.93420529208
2025-12-09,90634.35,94588.99,89500.0,92678.8,21240.43014,1956261065.6071727,92100.82153294722
2025-12-10,92678.81,94476.0,91563.15,92015.37,18998.68083,1758773276.2478049,92573.4419134302
2025-12-11,92015.38,93555.0,89260.63,92513.38,19972.58758,1814322119.0658488,90840.61400650266
2025-12-12,92513.38,92754.0,89480.0,90268.42,16679.19169,1521683425.5648005,91232.44422432802
2025-12-13,90268.43,90634.55,89766.39,90240.01,5895.70788,532250544.5904015,90277.63169812976
2025-12-14,90240.0,90472.4,87577.36,88172.17,9416.94004,839079130.8378651,89103.16167181045
2025-12-15,88172.16,90052.64,85146.64,86432.08,19778.6919,1732823429.5017288,87610.61845054216
2025-12-16,86432.08,88175.98,85266.0,87863.42,18456.05017,1604673428.6527836,86945.65813768504
2025-12-17,87863.43,90365.85,85314.0,86243.22,19834.11729,1733348496.6703594,87392.26814718304
2025-12-18,86243.23,89477.61,84450.01,85516.41,25405.41763,2204223872.6696463,86761.96175050424
2025-12-19,85516.41,89399.97,85110.24,88136.94,21256.65004,1863236625.932864,87654.29277081254
2025-12-20,88136.95,88573.07,87795.76,88360.9,5123.13194,451919022.7277595,88211.47454729801
2025-12-21,88360.91,89081.77,87600.04,88658.86,7132.87258,629720971.7866651,88284.34333067325
2025-12-22,88658.87,90588.23,87900.0,88620.79,14673.2197,1310235631.747926,89294.3511060443
2025-12-23,88620.79,88940.0,86601.9,87486.0,13910.32904,1219899607.2677548,87697.39405587452
2025-12-24,87486.0,88049.89,86420.0,87669.45,9140.8432,797460526.4738462,87241.46219616219
2025-12-25,87669.44,88592.74,86934.72,87225.27,7096.58235,622970453.6497647,87784.57332349067
2025-12-26,87225.27,89567.75,86655.08,87369.56,18344.61505,1616722115.636646,88130.61005805331
2025-12-27,87369.56,87984.0,87253.05,87877.01,4469.55156,391274205.274436,87542.16167369507
2025-12-28,87877.0,88088.75,87435.0,87952.71,4446.29285,390327299.1502763,87787.13240858084
2025-12-29,87952.71,90406.08,86806.5,87237.13,19894.98575,1762011993.0377953,88565.63232460698
2025-12-30,87237.13,89400.0,86845.66,88485.49,13105.91001,1155016404.4786754,88129.43195835933
2025-12-31,88485.5,89200.0,87250.0,87648.22,11558.62047,1019746835.2795268,88223.92238989458
2026-01-01,87648.21,88919.45,87550.43,88839.04,6279.57133,552991635.2911001,88062.00395387501
2026-01-02,88839.05,90961.81,88379.88,89995.13,17396.97301,1558958860.8870876,89610.92599218141
2026-01-03,89995.14,90741.16,89314.01,90628.01,7057.46716,635514773.6093655,90048.56263608394
2026-01-04,90628.01,91810.0,90628.0,91529.73,10426.5297,952160980.5212084,91320.98674415212
2026-01-05,91529.74,94789.08,91514.81,93859.71,20673.59584,1927455243.548076,93232.70409585776
2026-01-06,93859.71,94444.44,91262.94,93747.97,18546.41829,1728045542.298375,93174.0843583861
2026-01-07,93747.97,93747.97,90675.52,91364.16,14276.49025,1311906952.9749737,91892.82029418775
2026-01-08,91364.16,91687.99,89311.0,91099.99,16132.79117,1460622501.2073882,90537.49508166403
2026-01-09,91100.0,92082.55,89694.66,90641.28,15590.27939,1416907180.1870482,90884.01463131496
2026-01-10,90641.27,90832.0,90404.0,90504.7,3104.11722,281321375.4802981,90628.46392131354
2026-01-11,90504.7,91283.89,90236.0,91013.65,5477.13594,497245863.9319499,90785.74448016164
2026-01-12,91013.66,92519.95,90128.44,91296.2,16188.08268,1479964862.2693064,91423.10992133545
2026-01-13,91296.2,96495.0,91042.66,95414.0,23021.51482,2149770801.117704,93380.9446479206
2026-01-14,95413.99,97924.49,94559.28,96951.78,22851.89428,2201535821.648615,96339.31413622026
2026-01-15,96951.78,97193.34,95134.48,95604.8,21725.81369,2093008182.8437333,96337.38983074808
2026-01-16,95604.81,95871.47,94293.46,95550.94,11167.7146,1064019408.0772514,95276.37893587032
2026-01-17,95550.94,95639.45,95021.67,95147.77,4280.80137,408161941.6719079,95347.08723752532
2026-01-18,95147.77,95531.12,93615.4,93673.14,6895.17819,654773743.2677118,94961.10546023636
2026-01-19,93673.14,93673.14,91910.2,92631.0,14295.52747,1326770336.049047,92810.17009224402
2026-01-20,92630.99,92870.0,87895.98,88427.66,22007.3261,1989676668.5941784,90409.74171751736
2026-01-21,88427.66,90574.0,87263.53,89454.73,20617.50372,1837708115.3597035,89133.39560002288
2026-01-22,89454.73,90359.99,88515.37,89559.67,10825.50492,969910623.3559886,89594.9547410107
2026-01-23,89559.68,91224.99,88578.36,89600.26,13918.48919,1248772265.678843,89720.38909050896
2026-01-24,89600.26,89957.39,89162.08,89225.34,4226.56737,378464146.0918812,89544.09405093222
2026-01-25,89225.34,89319.13,86074.72,86670.36,14426.22019,1264233689.841581,87634.43737798522
2026-01-26,86670.36,88860.0,86509.63,88347.08,17766.51453,1560135758.989215,87813.27121618687
2026-01-27,88347.08,89523.16,87304.33,89250.0,13125.40425,1160026853.5895033,88380.27625621537
2026-01-28,89249.99,90600.0,88833.65,89299.99,14332.18502,1283919840.851472,89582.97978011114
2026-01-29,89300.0,89348.0,83383.33,84650.16,30431.38201,2610381587.910004,85779.26520235627
2026-01-30,84650.16,84735.75,81118.0,84260.49,35195.84793,2918624066.481832,82925.23800780701
2026-01-31,84260.5,84270.02,75719.9,78741.09,39491.89133,3155264093.623044,79896.5050130721
2026-02-01,78741.1,79424.0,75700.0,76968.21,25395.48168,1974920557.0473864,77766.61147572243
2026-02-02,76968.22,79360.0,74604.0,78738.61,42273.59016,3260752444.461329,77134.50483197212
2026-02-03,78738.6,79186.81,72945.5,75770.21,39120.10889,2986903008.574792,76352.11386996708
2026-02-04,75770.21,76971.52,71888.0,73165.83,38375.36,2852834631.5391464,74340.27020304555
2026-02-05,73165.84,73341.18,62345.0,62909.86,106298.82899,7198745594.280694,67721.77701936784
2026-02-06,62909.87,71751.33,60000.0,70580.26,92539.21531,6134056670.6115055,66286.02425536934
2026-02-07,70580.26,71690.07,67300.0,69289.38,44255.48036,3058983879.0691524,69121.0185537607
2026-02-08,69289.37,72271.41,68888.0,70330.38,21420.53168,1510003758.652842,70493.29032587496
2026-02-09,70330.38,71453.53,68308.0,70138.0,29152.72842,2038959539.4209776,69940.60761812488
2026-02-10,70138.0,70527.59,67800.0,68841.29,20373.77072,1408623623.3599253,69139.07311115187
2026-02-11,68841.28,69292.88,65756.0,67082.52,28718.24602,1930513947.5441144,67222.55761022674
2026-02-12,67082.52,68410.52,65118.0,66272.17,24271.74283,1622162145.3342066,66833.36078071846
2026-02-13,66272.17,69482.97,65872.46,68976.0,16830.03924,1135699689.5204885,67480.51346316935
